MISC	OddsVersion	112	MaxCash	900000000000000	MaxBaseFruitValue	10000000000	CashPerGem	1000000000000	MechGemPrice	80
MACHINE	1	0	1
MACHINE	2	250000	4
MACHINE	3	11900000	20
MACHINE	4	562000000	100
MACHINE	5	26700000000	600
MACHINE	6	1270000000000	4000
MACHINE	7	60000000000000	30000
TRAIL	MintTrail	200000	1.5
TRAIL	ArcTrail	10400000	2
TRAIL	SolarTrail	538000000	3
TRAIL	AuroraTrail	27900000000	4
TRAIL	NebulaTrail	1450000000000	5
TRAIL	RoyalTrail	75000000000000	6
BOOT	1	750000	50
BOOT	2	64100000	500
BOOT	3	5480000000	20000
BOOT	4	468000000000	1000000
BOOT	5	40000000000000	50000000
FENCE	1	Woodland	0	1	1
FENCE	2	Mossy Cobble	500000	1.0083333333333333	0.9916666666666667
FENCE	3	Dune Stone	18000000	1.0166666666666666	0.98333333333333328
FENCE	4	Frostwall	646000000	1.0249999999999999	0.97499999999999998
FENCE	5	Prismwall	23200000000	1.0333333333333334	0.96666666666666667
FENCE	6	Emberwall	835000000000	1.0416666666666667	0.95833333333333337
FENCE	7	Stormline	30000000000000	1.05	0.94999999999999996
CURVE	1	0	24
CURVE	2	500	26
CURVE	3	1500	28
CURVE	4	3000	31
CURVE	5	6000	35
CURVE	6	120000	55
CURVE	7	1500000	88
CURVE	8	20000000	141
CURVE	9	300000000	226
CURVE	10	5000000000	363
CURVE	11	100000000000	500
BUNDLE	CashSmall	Cash	30000000000	49	49
BUNDLE	CashMedium	Cash	100000000000	149	149
BUNDLE	Cash	Cash	300000000000	350	350
BUNDLE	CashValue	Cash	650000000000	699	699
BUNDLE	CashMega	Cash	1400000000000	1499	1499
BUNDLE	SpeedSmall	Speed	250000	50	49
BUNDLE	SpeedMedium	Speed	1000000	125	149
BUNDLE	Speed	Speed	3000000	315	350
BUNDLE	SpeedValue	Speed	8000000	790	699
BUNDLE	SpeedMega	Speed	25000000	1975	1499
PLANT	1	SunflowerSeed	Watermelon	Common	50000	2	60	33	true	repeat	50000	10000
PLANT	1	BluebellSeed	Blueberry	Uncommon	50000	4	90	50	true	repeat	100000	20000
PLANT	1	AppleSeed	Apple	Rare	100000	4	150	82	true	repeat	200000	40000
PLANT	1	MooncapSeed	Mooncap	Rare	300000	1	86	47	true	whole	25000	5000
PLANT	1	SunflowerBloomSeed	Sunflower	Legendary	6000000	1	100	55	false	repeat	500000	100000
PLANT	1	ElderbloomSeed	Elderbloom	Mythic	500000	5	113	62	true	repeat	1250000	250000
PLANT	6	CocoaSeed	Cocoa	Common	87500	4	130	72	true	repeat	175000	35000
PLANT	6	PineappleSeed	Pineapple	Uncommon	700000	1	159	87	true	repeat	350000	70000
PLANT	6	VenomVineSeed	Venom Vine	Rare	2000000	1	187	103	true	whole	166667	33333
PLANT	6	LanternFernSeed	Lantern Fern	Rare	350000	4	187	103	true	repeat	700000	140000
PLANT	6	TigerOrchidSeed	Tiger Orchid	Legendary	1166667	3	216	119	true	repeat	1750000	350000
PLANT	6	AncientWorldrootSeed	Ancient Worldroot	Mythic	1458334	6	244	134	true	repeat	4375000	875000
PLANT	2	CactusSeed	Prickly Pear	Uncommon	800000	3	150	82	true	repeat	1200000	240000
PLANT	2	DatePalmSeed	Dune Lotus	Mythic	180000000	1	270	148	false	repeat	15000000	3000000
PLANT	2	MirageFigSeed	Mirage Fig	Cosmic	40000000	5	420	231	true	repeat	100000000	20000000
PLANT	2	SolarStarfruitSeed	Solar Starfruit	King	70000000	5	464	255	true	repeat	175000000	35000000
PLANT	2	StarfruitSeed	Dune Starfruit	Secret	250000000	1	960	528	true	repeat	125000000	25000000
PLANT	3	SnowdropSeed	Snow Melon	Uncommon	4500000	2	240	132	true	repeat	4500000	900000
PLANT	3	IceberrySeed	Iceberry	Rare	4500000	4	300	165	true	repeat	9000000	1800000
PLANT	3	WinterPineSeed	Aurora Lily	Legendary	270000000	1	330	182	false	repeat	22500000	4500000
PLANT	3	CrystalLilySeed	Glacier Lotus	Mythic	112500000	1	360	198	true	repeat	56250000	11250000
PLANT	3	SilentFrostbellSeed	Silent Frostbell	Secret	112500000	3	567	312	true	repeat	168750000	33750000
PLANT	3	PolarStarbloomSeed	Polar Starbloom	Cosmic	600000000	1	626	344	true	repeat	300000000	60000000
PLANT	3	WinterCrownwoodSeed	Winter Crownwood	King	150000000	6	686	377	true	repeat	450000000	90000000
PLANT	4	FirePepperSeed	Fire Pepper	Rare	18000000	4	360	198	true	repeat	36000000	7200000
PLANT	4	EmberBloomSeed	Ember Pumpkin	Rare	36000000	2	420	231	true	repeat	36000000	7200000
PLANT	4	AshRoseSeed	Ash Tomato	Rare	18000000	4	480	264	true	repeat	36000000	7200000
PLANT	4	LavaLotusSeed	Lava Lotus	Legendary	900000000	1	540	297	false	repeat	75000000	15000000
PLANT	4	ObsidianMawSeed	Obsidian Maw	Secret	1000000000	1	714	393	true	whole	83333333	16666667
PLANT	4	SupernovaBloomSeed	Boom Bloom	Cosmic	1500000000	1	789	434	true	repeat	750000000	150000000
PLANT	4	EmberEmperorSeed	Ember Emperor	King	400000000	6	864	475	true	repeat	1200000000	240000000
PLANT	5	AmethystSeed	Amethyst Grape	Rare	75000000	4	600	330	true	repeat	150000000	30000000
PLANT	5	PrismOrchidSeed	Prism Pepper	Rare	75000000	4	720	396	true	repeat	150000000	30000000
PLANT	5	MoonflowerSeed	Moon Melon	Rare	150000000	2	840	462	true	repeat	150000000	30000000
PLANT	5	DiamondVineSeed	Diamond Vine	Mythic	350000000	4	1200	660	true	repeat	700000000	140000000
PLANT	5	HollowGeodeSeed	Hollow Geode	Secret	1500000000	1	861	474	true	repeat	750000000	150000000
PLANT	5	OrbitLotusSeed	Orbit Lotus	Cosmic	2500000000	1	951	523	true	repeat	1250000000	250000000
PLANT	5	PrismMonarchSeed	Prism Monarch	King	800000000	6	1041	573	true	repeat	2400000000	480000000
PLANT	7	SparkReedSeed	Spark Reed	Rare	200000000	3	691	380	true	repeat	300000000	60000000
PLANT	7	ThunderTulipSeed	Thunder Tulip	Rare	200000000	3	691	380	true	repeat	300000000	60000000
PLANT	7	VoltOrchidSeed	Volt Orchid	Legendary	650000000	3	797	438	true	repeat	975000000	195000000
PLANT	7	TempestLotusSeed	Tempest Lotus	Mythic	3000000000	1	902	496	true	repeat	1500000000	300000000
PLANT	7	BlackoutBloomSeed	Blackout Bloom	Secret	5000000000	1	1008	554	true	repeat	2500000000	500000000
PLANT	7	PulsarStarfruitSeed	Pulsar Starfruit	King	2500000000	5	1114	613	true	repeat	6250000000	1250000000
PLANT	7	StormSovereignSeed	Storm Sovereign	Cosmic	1500000000	6	1219	670	true	repeat	4500000000	900000000
PLANT	8	PlasmaPepperSeed	Plasma Pepper	Legendary	250000000	3	300	150	true	repeat	375000000	75000000
MECHCHANCE	PlasmaPepperSeed	Legendary	48
PLANT	8	HoloMelonSeed	Holo Melon	Mythic	1500000000	1	450	240	true	repeat	750000000	150000000
MECHCHANCE	HoloMelonSeed	Mythic	26
PLANT	8	PrismLotusSeed	Prism Lotus	Mythic	2000000000	1	600	300	true	repeat	1000000000	200000000
MECHCHANCE	PrismLotusSeed	Mythic	16
PLANT	8	HoloAppleTreeSeed	Holo Apple Tree	Secret	1000000000	4	900	420	true	repeat	2000000000	400000000
MECHCHANCE	HoloAppleTreeSeed	Secret	7
PLANT	8	NebulaVineSeed	Nebula Vine	Cosmic	2500000000	3	1200	600	true	repeat	3750000000	750000000
MECHCHANCE	NebulaVineSeed	Cosmic	2.5
PLANT	8	CrowncoreTreeSeed	Crowncore Tree	King	10000000000	1	1800	450	true	repeat	5000000000	1000000000
MECHCHANCE	CrowncoreTreeSeed	King	0.5
ODDS	1	Pack01	0	SunflowerSeed	0.58666666666666667
ODDS	1	Pack01	0	BluebellSeed	0.25
ODDS	1	Pack01	0	AppleSeed	0.0625
ODDS	1	Pack01	0	MooncapSeed	0.0625
ODDS	1	Pack01	0	SunflowerBloomSeed	0.033333333333333333
ODDS	1	Pack01	0	ElderbloomSeed	0.0050000000000000001
ODDS	1	Pack01	1	SunflowerSeed	0.5700678263116149
ODDS	1	Pack01	1	BluebellSeed	0.25
ODDS	1	Pack01	1	AppleSeed	0.0625
ODDS	1	Pack01	1	MooncapSeed	0.0625
ODDS	1	Pack01	1	SunflowerBloomSeed	0.04558231159984924
ODDS	1	Pack01	1	ElderbloomSeed	0.0093498620885358753
ODDS	1	Pack01	2	SunflowerSeed	0.55668334540209319
ODDS	1	Pack01	2	BluebellSeed	0.25
ODDS	1	Pack01	2	AppleSeed	0.0625
ODDS	1	Pack01	2	MooncapSeed	0.0625
ODDS	1	Pack01	2	SunflowerBloomSeed	0.054801992084147481
ODDS	1	Pack01	2	ElderbloomSeed	0.013514662513759334
ODDS	1	Pack01	3	SunflowerSeed	0.52700020034073158
ODDS	1	Pack01	3	BluebellSeed	0.25
ODDS	1	Pack01	3	AppleSeed	0.0625
ODDS	1	Pack01	3	MooncapSeed	0.0625
ODDS	1	Pack01	3	SunflowerBloomSeed	0.073614123412927016
ODDS	1	Pack01	3	ElderbloomSeed	0.024385676246341418
ODDS	1	Pack01	4	SunflowerSeed	0.47873440068547057
ODDS	1	Pack01	4	BluebellSeed	0.25
ODDS	1	Pack01	4	AppleSeed	0.0625
ODDS	1	Pack01	4	MooncapSeed	0.0625
ODDS	1	Pack01	4	SunflowerBloomSeed	0.10066505734673387
ODDS	1	Pack01	4	ElderbloomSeed	0.045600541967795491
ODDS	1	Pack01	5	SunflowerSeed	0.40207186395185857
ODDS	1	Pack01	5	BluebellSeed	0.25
ODDS	1	Pack01	5	AppleSeed	0.0625
ODDS	1	Pack01	5	MooncapSeed	0.0625
ODDS	1	Pack01	5	SunflowerBloomSeed	0.13765638033586547
ODDS	1	Pack01	5	ElderbloomSeed	0.085271755712276034
ODDS	1	Pack02	0	SunflowerSeed	0.38749999999999996
ODDS	1	Pack02	0	BluebellSeed	0.33333333333333326
ODDS	1	Pack02	0	AppleSeed	0.10000000000000001
ODDS	1	Pack02	0	MooncapSeed	0.10000000000000001
ODDS	1	Pack02	0	SunflowerBloomSeed	0.066666666666666666
ODDS	1	Pack02	0	ElderbloomSeed	0.012500000000000001
ODDS	1	Pack02	1	SunflowerSeed	0.3521273882456285
ODDS	1	Pack02	1	BluebellSeed	0.33333333333333326
ODDS	1	Pack02	1	AppleSeed	0.10000000000000001
ODDS	1	Pack02	1	MooncapSeed	0.10000000000000001
ODDS	1	Pack02	1	SunflowerBloomSeed	0.09116462319969848
ODDS	1	Pack02	1	ElderbloomSeed	0.023374655221339687
ODDS	1	Pack02	2	SunflowerSeed	0.32327602621397333
ODDS	1	Pack02	2	BluebellSeed	0.33333333333333326
ODDS	1	Pack02	2	AppleSeed	0.10000000000000001
ODDS	1	Pack02	2	MooncapSeed	0.10000000000000001
ODDS	1	Pack02	2	SunflowerBloomSeed	0.10960398416829496
ODDS	1	Pack02	2	ElderbloomSeed	0.033786656284398336
ODDS	1	Pack02	3	SunflowerSeed	0.25847422922495911
ODDS	1	Pack02	3	BluebellSeed	0.33333333333333326
ODDS	1	Pack02	3	AppleSeed	0.10000000000000001
ODDS	1	Pack02	3	MooncapSeed	0.10000000000000001
ODDS	1	Pack02	3	SunflowerBloomSeed	0.14722824682585403
ODDS	1	Pack02	3	ElderbloomSeed	0.060964190615853543
ODDS	1	Pack02	4	SunflowerSeed	0.15500000000000003
ODDS	1	Pack02	4	BluebellSeed	0.33333333333333326
ODDS	1	Pack02	4	AppleSeed	0.09816759852685511
ODDS	1	Pack02	4	MooncapSeed	0.09816759852685511
ODDS	1	Pack02	4	SunflowerBloomSeed	0.20133011469346773
ODDS	1	Pack02	4	ElderbloomSeed	0.11400135491948873
ODDS	1	Pack02	5	SunflowerSeed	0.15499999999999992
ODDS	1	Pack02	5	BluebellSeed	0.33333333333333326
ODDS	1	Pack02	5	AppleSeed	0.050000000000000003
ODDS	1	Pack02	5	MooncapSeed	0.050000000000000003
ODDS	1	Pack02	5	SunflowerBloomSeed	0.19848727738597663
ODDS	1	Pack02	5	ElderbloomSeed	0.21317938928069011
ODDS	1	Pack03	0	BluebellSeed	0.42380952380952386
ODDS	1	Pack03	0	AppleSeed	0.20000000000000001
ODDS	1	Pack03	0	MooncapSeed	0.20000000000000001
ODDS	1	Pack03	0	SunflowerBloomSeed	0.14285714285714285
ODDS	1	Pack03	0	ElderbloomSeed	0.033333333333333333
ODDS	1	Pack03	1	BluebellSeed	0.34231482207707364
ODDS	1	Pack03	1	AppleSeed	0.20000000000000001
ODDS	1	Pack03	1	MooncapSeed	0.20000000000000001
ODDS	1	Pack03	1	SunflowerBloomSeed	0.19535276399935386
ODDS	1	Pack03	1	ElderbloomSeed	0.062332413923572499
ODDS	1	Pack03	2	BluebellSeed	0.27503656954763911
ODDS	1	Pack03	2	AppleSeed	0.20000000000000001
ODDS	1	Pack03	2	MooncapSeed	0.20000000000000001
ODDS	1	Pack03	2	SunflowerBloomSeed	0.23486568036063205
ODDS	1	Pack03	2	ElderbloomSeed	0.090097750091728893
ODDS	1	Pack03	3	BluebellSeed	0.16952380952380952
ODDS	1	Pack03	3	AppleSeed	0.17620795757973262
ODDS	1	Pack03	3	MooncapSeed	0.17620795757973262
ODDS	1	Pack03	3	SunflowerBloomSeed	0.31548910034111577
ODDS	1	Pack03	3	ElderbloomSeed	0.16257117497560944
ODDS	1	Pack03	4	BluebellSeed	0.16952380952380941
ODDS	1	Pack03	4	AppleSeed	0.10000000000000001
ODDS	1	Pack03	4	MooncapSeed	0.10000000000000001
ODDS	1	Pack03	4	SunflowerBloomSeed	0.32647257735755403
ODDS	1	Pack03	4	ElderbloomSeed	0.30400361311863661
ODDS	1	Pack03	5	BluebellSeed	0.16952380952380963
ODDS	1	Pack03	5	AppleSeed	0.10000000000000001
ODDS	1	Pack03	5	MooncapSeed	0.10000000000000001
ODDS	1	Pack03	5	SunflowerBloomSeed	0.1804761904761904
ODDS	1	Pack03	5	ElderbloomSeed	0.45000000000000001
ODDS	1	Pack04	0	AppleSeed	0.28333333333333333
ODDS	1	Pack04	0	MooncapSeed	0.28333333333333333
ODDS	1	Pack04	0	SunflowerBloomSeed	0.33333333333333326
ODDS	1	Pack04	0	ElderbloomSeed	0.10000000000000001
ODDS	1	Pack04	1	AppleSeed	0.17858982111539506
ODDS	1	Pack04	1	MooncapSeed	0.17858982111539506
ODDS	1	Pack04	1	SunflowerBloomSeed	0.45582311599849235
ODDS	1	Pack04	1	ElderbloomSeed	0.1869972417707175
ODDS	1	Pack04	2	AppleSeed	0.11485337486240665
ODDS	1	Pack04	2	MooncapSeed	0.11485337486240665
ODDS	1	Pack04	2	SunflowerBloomSeed	0.5
ODDS	1	Pack04	2	ElderbloomSeed	0.27029325027518669
ODDS	1	Pack04	3	AppleSeed	0.11333333333333329
ODDS	1	Pack04	3	MooncapSeed	0.11333333333333329
ODDS	1	Pack04	3	SunflowerBloomSeed	0.32333333333333336
ODDS	1	Pack04	3	ElderbloomSeed	0.45000000000000001
ODDS	1	Pack04	4	AppleSeed	0.11333333333333329
ODDS	1	Pack04	4	MooncapSeed	0.11333333333333329
ODDS	1	Pack04	4	SunflowerBloomSeed	0.32333333333333336
ODDS	1	Pack04	4	ElderbloomSeed	0.45000000000000001
ODDS	1	Pack04	5	AppleSeed	0.11333333333333329
ODDS	1	Pack04	5	MooncapSeed	0.11333333333333329
ODDS	1	Pack04	5	SunflowerBloomSeed	0.32333333333333336
ODDS	1	Pack04	5	ElderbloomSeed	0.45000000000000001
ODDS	1	Pack05	0	AppleSeed	0.17499999999999999
ODDS	1	Pack05	0	MooncapSeed	0.17499999999999999
ODDS	1	Pack05	0	SunflowerBloomSeed	0.40000000000000002
ODDS	1	Pack05	0	ElderbloomSeed	0.25
ODDS	1	Pack05	1	AppleSeed	0.069999999999999951
ODDS	1	Pack05	1	MooncapSeed	0.069999999999999951
ODDS	1	Pack05	1	SunflowerBloomSeed	0.40999999999999998
ODDS	1	Pack05	1	ElderbloomSeed	0.45000000000000001
ODDS	1	Pack05	2	AppleSeed	0.069999999999999951
ODDS	1	Pack05	2	MooncapSeed	0.069999999999999951
ODDS	1	Pack05	2	SunflowerBloomSeed	0.40999999999999998
ODDS	1	Pack05	2	ElderbloomSeed	0.45000000000000001
ODDS	1	Pack05	3	AppleSeed	0.069999999999999951
ODDS	1	Pack05	3	MooncapSeed	0.069999999999999951
ODDS	1	Pack05	3	SunflowerBloomSeed	0.40999999999999998
ODDS	1	Pack05	3	ElderbloomSeed	0.45000000000000001
ODDS	1	Pack05	4	AppleSeed	0.069999999999999951
ODDS	1	Pack05	4	MooncapSeed	0.069999999999999951
ODDS	1	Pack05	4	SunflowerBloomSeed	0.40999999999999998
ODDS	1	Pack05	4	ElderbloomSeed	0.45000000000000001
ODDS	1	Pack05	5	AppleSeed	0.069999999999999951
ODDS	1	Pack05	5	MooncapSeed	0.069999999999999951
ODDS	1	Pack05	5	SunflowerBloomSeed	0.40999999999999998
ODDS	1	Pack05	5	ElderbloomSeed	0.45000000000000001
ODDS	1	Pack06	0	SunflowerBloomSeed	0.59999999999999998
ODDS	1	Pack06	0	ElderbloomSeed	0.40000000000000002
ODDS	1	Pack06	1	SunflowerBloomSeed	0.55000000000000004
ODDS	1	Pack06	1	ElderbloomSeed	0.45000000000000001
ODDS	1	Pack06	2	SunflowerBloomSeed	0.55000000000000004
ODDS	1	Pack06	2	ElderbloomSeed	0.45000000000000001
ODDS	1	Pack06	3	SunflowerBloomSeed	0.55000000000000004
ODDS	1	Pack06	3	ElderbloomSeed	0.45000000000000001
ODDS	1	Pack06	4	SunflowerBloomSeed	0.55000000000000004
ODDS	1	Pack06	4	ElderbloomSeed	0.45000000000000001
ODDS	1	Pack06	5	SunflowerBloomSeed	0.55000000000000004
ODDS	1	Pack06	5	ElderbloomSeed	0.45000000000000001
ODDS	6	Pack01	0	CocoaSeed	0.58666666666666667
ODDS	6	Pack01	0	PineappleSeed	0.25
ODDS	6	Pack01	0	VenomVineSeed	0.0625
ODDS	6	Pack01	0	LanternFernSeed	0.0625
ODDS	6	Pack01	0	TigerOrchidSeed	0.033333333333333333
ODDS	6	Pack01	0	AncientWorldrootSeed	0.0050000000000000001
ODDS	6	Pack01	1	CocoaSeed	0.5700678263116149
ODDS	6	Pack01	1	PineappleSeed	0.25
ODDS	6	Pack01	1	VenomVineSeed	0.0625
ODDS	6	Pack01	1	LanternFernSeed	0.0625
ODDS	6	Pack01	1	TigerOrchidSeed	0.04558231159984924
ODDS	6	Pack01	1	AncientWorldrootSeed	0.0093498620885358753
ODDS	6	Pack01	2	CocoaSeed	0.55668334540209319
ODDS	6	Pack01	2	PineappleSeed	0.25
ODDS	6	Pack01	2	VenomVineSeed	0.0625
ODDS	6	Pack01	2	LanternFernSeed	0.0625
ODDS	6	Pack01	2	TigerOrchidSeed	0.054801992084147481
ODDS	6	Pack01	2	AncientWorldrootSeed	0.013514662513759334
ODDS	6	Pack01	3	CocoaSeed	0.52700020034073158
ODDS	6	Pack01	3	PineappleSeed	0.25
ODDS	6	Pack01	3	VenomVineSeed	0.0625
ODDS	6	Pack01	3	LanternFernSeed	0.0625
ODDS	6	Pack01	3	TigerOrchidSeed	0.073614123412927016
ODDS	6	Pack01	3	AncientWorldrootSeed	0.024385676246341418
ODDS	6	Pack01	4	CocoaSeed	0.47873440068547057
ODDS	6	Pack01	4	PineappleSeed	0.25
ODDS	6	Pack01	4	VenomVineSeed	0.0625
ODDS	6	Pack01	4	LanternFernSeed	0.0625
ODDS	6	Pack01	4	TigerOrchidSeed	0.10066505734673387
ODDS	6	Pack01	4	AncientWorldrootSeed	0.045600541967795491
ODDS	6	Pack01	5	CocoaSeed	0.40207186395185857
ODDS	6	Pack01	5	PineappleSeed	0.25
ODDS	6	Pack01	5	VenomVineSeed	0.0625
ODDS	6	Pack01	5	LanternFernSeed	0.0625
ODDS	6	Pack01	5	TigerOrchidSeed	0.13765638033586547
ODDS	6	Pack01	5	AncientWorldrootSeed	0.085271755712276034
ODDS	6	Pack02	0	CocoaSeed	0.38749999999999996
ODDS	6	Pack02	0	PineappleSeed	0.33333333333333326
ODDS	6	Pack02	0	VenomVineSeed	0.10000000000000001
ODDS	6	Pack02	0	LanternFernSeed	0.10000000000000001
ODDS	6	Pack02	0	TigerOrchidSeed	0.066666666666666666
ODDS	6	Pack02	0	AncientWorldrootSeed	0.012500000000000001
ODDS	6	Pack02	1	CocoaSeed	0.3521273882456285
ODDS	6	Pack02	1	PineappleSeed	0.33333333333333326
ODDS	6	Pack02	1	VenomVineSeed	0.10000000000000001
ODDS	6	Pack02	1	LanternFernSeed	0.10000000000000001
ODDS	6	Pack02	1	TigerOrchidSeed	0.09116462319969848
ODDS	6	Pack02	1	AncientWorldrootSeed	0.023374655221339687
ODDS	6	Pack02	2	CocoaSeed	0.32327602621397333
ODDS	6	Pack02	2	PineappleSeed	0.33333333333333326
ODDS	6	Pack02	2	VenomVineSeed	0.10000000000000001
ODDS	6	Pack02	2	LanternFernSeed	0.10000000000000001
ODDS	6	Pack02	2	TigerOrchidSeed	0.10960398416829496
ODDS	6	Pack02	2	AncientWorldrootSeed	0.033786656284398336
ODDS	6	Pack02	3	CocoaSeed	0.25847422922495911
ODDS	6	Pack02	3	PineappleSeed	0.33333333333333326
ODDS	6	Pack02	3	VenomVineSeed	0.10000000000000001
ODDS	6	Pack02	3	LanternFernSeed	0.10000000000000001
ODDS	6	Pack02	3	TigerOrchidSeed	0.14722824682585403
ODDS	6	Pack02	3	AncientWorldrootSeed	0.060964190615853543
ODDS	6	Pack02	4	CocoaSeed	0.15500000000000003
ODDS	6	Pack02	4	PineappleSeed	0.33333333333333326
ODDS	6	Pack02	4	VenomVineSeed	0.09816759852685511
ODDS	6	Pack02	4	LanternFernSeed	0.09816759852685511
ODDS	6	Pack02	4	TigerOrchidSeed	0.20133011469346773
ODDS	6	Pack02	4	AncientWorldrootSeed	0.11400135491948873
ODDS	6	Pack02	5	CocoaSeed	0.15499999999999992
ODDS	6	Pack02	5	PineappleSeed	0.33333333333333326
ODDS	6	Pack02	5	VenomVineSeed	0.050000000000000003
ODDS	6	Pack02	5	LanternFernSeed	0.050000000000000003
ODDS	6	Pack02	5	TigerOrchidSeed	0.19848727738597663
ODDS	6	Pack02	5	AncientWorldrootSeed	0.21317938928069011
ODDS	6	Pack03	0	PineappleSeed	0.42380952380952386
ODDS	6	Pack03	0	VenomVineSeed	0.20000000000000001
ODDS	6	Pack03	0	LanternFernSeed	0.20000000000000001
ODDS	6	Pack03	0	TigerOrchidSeed	0.14285714285714285
ODDS	6	Pack03	0	AncientWorldrootSeed	0.033333333333333333
ODDS	6	Pack03	1	PineappleSeed	0.34231482207707364
ODDS	6	Pack03	1	VenomVineSeed	0.20000000000000001
ODDS	6	Pack03	1	LanternFernSeed	0.20000000000000001
ODDS	6	Pack03	1	TigerOrchidSeed	0.19535276399935386
ODDS	6	Pack03	1	AncientWorldrootSeed	0.062332413923572499
ODDS	6	Pack03	2	PineappleSeed	0.27503656954763911
ODDS	6	Pack03	2	VenomVineSeed	0.20000000000000001
ODDS	6	Pack03	2	LanternFernSeed	0.20000000000000001
ODDS	6	Pack03	2	TigerOrchidSeed	0.23486568036063205
ODDS	6	Pack03	2	AncientWorldrootSeed	0.090097750091728893
ODDS	6	Pack03	3	PineappleSeed	0.16952380952380952
ODDS	6	Pack03	3	VenomVineSeed	0.17620795757973262
ODDS	6	Pack03	3	LanternFernSeed	0.17620795757973262
ODDS	6	Pack03	3	TigerOrchidSeed	0.31548910034111577
ODDS	6	Pack03	3	AncientWorldrootSeed	0.16257117497560944
ODDS	6	Pack03	4	PineappleSeed	0.16952380952380941
ODDS	6	Pack03	4	VenomVineSeed	0.10000000000000001
ODDS	6	Pack03	4	LanternFernSeed	0.10000000000000001
ODDS	6	Pack03	4	TigerOrchidSeed	0.32647257735755403
ODDS	6	Pack03	4	AncientWorldrootSeed	0.30400361311863661
ODDS	6	Pack03	5	PineappleSeed	0.16952380952380963
ODDS	6	Pack03	5	VenomVineSeed	0.10000000000000001
ODDS	6	Pack03	5	LanternFernSeed	0.10000000000000001
ODDS	6	Pack03	5	TigerOrchidSeed	0.1804761904761904
ODDS	6	Pack03	5	AncientWorldrootSeed	0.45000000000000001
ODDS	6	Pack04	0	VenomVineSeed	0.28333333333333333
ODDS	6	Pack04	0	LanternFernSeed	0.28333333333333333
ODDS	6	Pack04	0	TigerOrchidSeed	0.33333333333333326
ODDS	6	Pack04	0	AncientWorldrootSeed	0.10000000000000001
ODDS	6	Pack04	1	VenomVineSeed	0.17858982111539506
ODDS	6	Pack04	1	LanternFernSeed	0.17858982111539506
ODDS	6	Pack04	1	TigerOrchidSeed	0.45582311599849235
ODDS	6	Pack04	1	AncientWorldrootSeed	0.1869972417707175
ODDS	6	Pack04	2	VenomVineSeed	0.11485337486240665
ODDS	6	Pack04	2	LanternFernSeed	0.11485337486240665
ODDS	6	Pack04	2	TigerOrchidSeed	0.5
ODDS	6	Pack04	2	AncientWorldrootSeed	0.27029325027518669
ODDS	6	Pack04	3	VenomVineSeed	0.11333333333333329
ODDS	6	Pack04	3	LanternFernSeed	0.11333333333333329
ODDS	6	Pack04	3	TigerOrchidSeed	0.32333333333333336
ODDS	6	Pack04	3	AncientWorldrootSeed	0.45000000000000001
ODDS	6	Pack04	4	VenomVineSeed	0.11333333333333329
ODDS	6	Pack04	4	LanternFernSeed	0.11333333333333329
ODDS	6	Pack04	4	TigerOrchidSeed	0.32333333333333336
ODDS	6	Pack04	4	AncientWorldrootSeed	0.45000000000000001
ODDS	6	Pack04	5	VenomVineSeed	0.11333333333333329
ODDS	6	Pack04	5	LanternFernSeed	0.11333333333333329
ODDS	6	Pack04	5	TigerOrchidSeed	0.32333333333333336
ODDS	6	Pack04	5	AncientWorldrootSeed	0.45000000000000001
ODDS	6	Pack05	0	VenomVineSeed	0.17499999999999999
ODDS	6	Pack05	0	LanternFernSeed	0.17499999999999999
ODDS	6	Pack05	0	TigerOrchidSeed	0.40000000000000002
ODDS	6	Pack05	0	AncientWorldrootSeed	0.25
ODDS	6	Pack05	1	VenomVineSeed	0.069999999999999951
ODDS	6	Pack05	1	LanternFernSeed	0.069999999999999951
ODDS	6	Pack05	1	TigerOrchidSeed	0.40999999999999998
ODDS	6	Pack05	1	AncientWorldrootSeed	0.45000000000000001
ODDS	6	Pack05	2	VenomVineSeed	0.069999999999999951
ODDS	6	Pack05	2	LanternFernSeed	0.069999999999999951
ODDS	6	Pack05	2	TigerOrchidSeed	0.40999999999999998
ODDS	6	Pack05	2	AncientWorldrootSeed	0.45000000000000001
ODDS	6	Pack05	3	VenomVineSeed	0.069999999999999951
ODDS	6	Pack05	3	LanternFernSeed	0.069999999999999951
ODDS	6	Pack05	3	TigerOrchidSeed	0.40999999999999998
ODDS	6	Pack05	3	AncientWorldrootSeed	0.45000000000000001
ODDS	6	Pack05	4	VenomVineSeed	0.069999999999999951
ODDS	6	Pack05	4	LanternFernSeed	0.069999999999999951
ODDS	6	Pack05	4	TigerOrchidSeed	0.40999999999999998
ODDS	6	Pack05	4	AncientWorldrootSeed	0.45000000000000001
ODDS	6	Pack05	5	VenomVineSeed	0.069999999999999951
ODDS	6	Pack05	5	LanternFernSeed	0.069999999999999951
ODDS	6	Pack05	5	TigerOrchidSeed	0.40999999999999998
ODDS	6	Pack05	5	AncientWorldrootSeed	0.45000000000000001
ODDS	6	Pack06	0	TigerOrchidSeed	0.59999999999999998
ODDS	6	Pack06	0	AncientWorldrootSeed	0.40000000000000002
ODDS	6	Pack06	1	TigerOrchidSeed	0.55000000000000004
ODDS	6	Pack06	1	AncientWorldrootSeed	0.45000000000000001
ODDS	6	Pack06	2	TigerOrchidSeed	0.55000000000000004
ODDS	6	Pack06	2	AncientWorldrootSeed	0.45000000000000001
ODDS	6	Pack06	3	TigerOrchidSeed	0.55000000000000004
ODDS	6	Pack06	3	AncientWorldrootSeed	0.45000000000000001
ODDS	6	Pack06	4	TigerOrchidSeed	0.55000000000000004
ODDS	6	Pack06	4	AncientWorldrootSeed	0.45000000000000001
ODDS	6	Pack06	5	TigerOrchidSeed	0.55000000000000004
ODDS	6	Pack06	5	AncientWorldrootSeed	0.45000000000000001
ODDS	2	Pack01	0	CactusSeed	0.83656566666566656
ODDS	2	Pack01	0	DatePalmSeed	0.16333333333333333
ODDS	2	Pack01	0	MirageFigSeed	9.9999999999999995e-07
ODDS	2	Pack01	0	SolarStarfruitSeed	9.9999999999999998e-13
ODDS	2	Pack01	0	StarfruitSeed	0.0001
ODDS	2	Pack01	1	CactusSeed	0.81976401667464027
ODDS	2	Pack01	1	DatePalmSeed	0.1799321736883851
ODDS	2	Pack01	1	MirageFigSeed	4.7817624989501853e-06
ODDS	2	Pack01	1	SolarStarfruitSeed	5.0000000000000002e-11
ODDS	2	Pack01	1	StarfruitSeed	0.00029902782447563945
ODDS	2	Pack01	2	CactusSeed	0.80610154788463706
ODDS	2	Pack01	2	DatePalmSeed	0.19331665459790681
ODDS	2	Pack01	2	MirageFigSeed	1.2011244339814314e-05
ODDS	2	Pack01	2	SolarStarfruitSeed	5.0000000000000003e-10
ODDS	2	Pack01	2	StarfruitSeed	0.00056978577311633989
ODDS	2	Pack01	3	CactusSeed	0.775347029196369
ODDS	2	Pack01	3	DatePalmSeed	0.22299979965926842
ODDS	2	Pack01	3	MirageFigSeed	5.2530556088075354e-05
ODDS	2	Pack01	3	SolarStarfruitSeed	2e-08
ODDS	2	Pack01	3	StarfruitSeed	0.0016006205882744887
ODDS	2	Pack01	4	CactusSeed	0.72369591111909326
ODDS	2	Pack01	4	DatePalmSeed	0.27126559931452937
ODDS	2	Pack01	4	MirageFigSeed	0.00025118864315095806
ODDS	2	Pack01	4	SolarStarfruitSeed	9.9999999999999995e-07
ODDS	2	Pack01	4	StarfruitSeed	0.0047863009232263854
ODDS	2	Pack01	5	CactusSeed	0.63650836799429578
ODDS	2	Pack01	5	DatePalmSeed	0.34792813604814149
ODDS	2	Pack01	5	MirageFigSeed	0.0012011244339814315
ODDS	2	Pack01	5	SolarStarfruitSeed	4.9999999999999996e-05
ODDS	2	Pack01	5	StarfruitSeed	0.014312371523581306
ODDS	2	Pack02	0	CactusSeed	0.72058083333083334
ODDS	2	Pack02	0	DatePalmSeed	0.27916666666666667
ODDS	2	Pack02	0	MirageFigSeed	2.5000000000000002e-06
ODDS	2	Pack02	0	SolarStarfruitSeed	2.4999999999999994e-12
ODDS	2	Pack02	0	StarfruitSeed	0.00025000000000000001
ODDS	2	Pack02	1	CactusSeed	0.68470119748652536
ODDS	2	Pack02	1	DatePalmSeed	0.31453927842103818
ODDS	2	Pack02	1	MirageFigSeed	1.1954406247375466e-05
ODDS	2	Pack02	1	SolarStarfruitSeed	1.2499999999999998e-10
ODDS	2	Pack02	1	StarfruitSeed	0.00074756956118909857
ODDS	2	Pack02	2	CactusSeed	0.65515486575366633
ODDS	2	Pack02	2	DatePalmSeed	0.3433906404526933
ODDS	2	Pack02	2	MirageFigSeed	3.0028110849535786e-05
ODDS	2	Pack02	2	SolarStarfruitSeed	1.25e-09
ODDS	2	Pack02	2	StarfruitSeed	0.0014244644327908495
ODDS	2	Pack02	3	CactusSeed	0.58767463469738601
ODDS	2	Pack02	3	DatePalmSeed	0.40819243744170763
ODDS	2	Pack02	3	MirageFigSeed	0.00013132639022018841
ODDS	2	Pack02	3	SolarStarfruitSeed	4.9999999999999998e-08
ODDS	2	Pack02	3	StarfruitSeed	0.0040015514706862217
ODDS	2	Pack02	4	CactusSeed	0.4720723064711001
ODDS	2	Pack02	4	DatePalmSeed	0.51533146961295651
ODDS	2	Pack02	4	MirageFigSeed	0.00062797160787739529
ODDS	2	Pack02	4	SolarStarfruitSeed	2.5000000000000002e-06
ODDS	2	Pack02	4	StarfruitSeed	0.011965752308065963
ODDS	2	Pack02	5	CactusSeed	0.28823233333233333
ODDS	2	Pack02	5	DatePalmSeed	0.6728589267737598
ODDS	2	Pack02	5	MirageFigSeed	0.0030028110849535787
ODDS	2	Pack02	5	SolarStarfruitSeed	0.000125
ODDS	2	Pack02	5	StarfruitSeed	0.035780928808953262
ODDS	2	Pack03	0	CactusSeed	0.42320352380352377
ODDS	2	Pack03	0	DatePalmSeed	0.57619047619047625
ODDS	2	Pack03	0	MirageFigSeed	6.0000000000000002e-06
ODDS	2	Pack03	0	SolarStarfruitSeed	6.0000000000000003e-12
ODDS	2	Pack03	0	StarfruitSeed	0.00059999999999999995
ODDS	2	Pack03	1	CactusSeed	0.3404919642552261
ODDS	2	Pack03	1	DatePalmSeed	0.65768517792292647
ODDS	2	Pack03	1	MirageFigSeed	2.8690574993701115e-05
ODDS	2	Pack03	1	SolarStarfruitSeed	3e-10
ODDS	2	Pack03	1	StarfruitSeed	0.0017941669468538365
ODDS	2	Pack03	2	CactusSeed	0.27154578444290201
ODDS	2	Pack03	2	DatePalmSeed	0.724963430452361
ODDS	2	Pack03	2	MirageFigSeed	7.2067466038885881e-05
ODDS	2	Pack03	2	SolarStarfruitSeed	3e-09
ODDS	2	Pack03	2	StarfruitSeed	0.0034187146386980387
ODDS	2	Pack03	3	CactusSeed	0.16928140952140946
ODDS	2	Pack03	3	DatePalmSeed	0.82079956361241513
ODDS	2	Pack03	3	MirageFigSeed	0.00031518333652845215
ODDS	2	Pack03	3	SolarStarfruitSeed	1.2000000000000002e-07
ODDS	2	Pack03	3	StarfruitSeed	0.0096037235296469303
ODDS	2	Pack03	4	CactusSeed	0.16928140952140935
ODDS	2	Pack03	4	DatePalmSeed	0.80048765308032666
ODDS	2	Pack03	4	MirageFigSeed	0.0015071318589057483
ODDS	2	Pack03	4	SolarStarfruitSeed	6.0000000000000002e-06
ODDS	2	Pack03	4	StarfruitSeed	0.028717805539358307
ODDS	2	Pack03	5	CactusSeed	0.16928140952140946
ODDS	2	Pack03	5	DatePalmSeed	0.73733761473321424
ODDS	2	Pack03	5	MirageFigSeed	0.0072067466038885893
ODDS	2	Pack03	5	SolarStarfruitSeed	0.00030000000000000003
ODDS	2	Pack03	5	StarfruitSeed	0.085874229141487818
ODDS	2	Pack04	0	DatePalmSeed	0.99797999997999998
ODDS	2	Pack04	0	MirageFigSeed	2.0000000000000002e-05
ODDS	2	Pack04	0	SolarStarfruitSeed	1.9999999999999996e-11
ODDS	2	Pack04	0	StarfruitSeed	0.002
ODDS	2	Pack04	1	DatePalmSeed	0.99392380726050822
ODDS	2	Pack04	1	MirageFigSeed	9.5635249979003726e-05
ODDS	2	Pack04	1	SolarStarfruitSeed	9.9999999999999986e-10
ODDS	2	Pack04	1	StarfruitSeed	0.0059805564895127885
ODDS	2	Pack04	2	DatePalmSeed	0.98836404965087676
ODDS	2	Pack04	2	MirageFigSeed	0.00024022488679628629
ODDS	2	Pack04	2	SolarStarfruitSeed	1e-08
ODDS	2	Pack04	2	StarfruitSeed	0.011395715462326796
ODDS	2	Pack04	3	DatePalmSeed	0.96693657711274872
ODDS	2	Pack04	3	MirageFigSeed	0.0010506111217615072
ODDS	2	Pack04	3	SolarStarfruitSeed	3.9999999999999998e-07
ODDS	2	Pack04	3	StarfruitSeed	0.032012411765489773
ODDS	2	Pack04	4	DatePalmSeed	0.89923020867245318
ODDS	2	Pack04	4	MirageFigSeed	0.0050237728630191623
ODDS	2	Pack04	4	SolarStarfruitSeed	2.0000000000000002e-05
ODDS	2	Pack04	4	StarfruitSeed	0.095726018464527704
ODDS	2	Pack04	5	DatePalmSeed	0.72497751132037136
ODDS	2	Pack04	5	MirageFigSeed	0.024022488679628629
ODDS	2	Pack04	5	SolarStarfruitSeed	0.001
ODDS	2	Pack04	5	StarfruitSeed	0.25
ODDS	2	Pack05	0	DatePalmSeed	0.99393999993999993
ODDS	2	Pack05	0	MirageFigSeed	5.9999999999999995e-05
ODDS	2	Pack05	0	SolarStarfruitSeed	6e-11
ODDS	2	Pack05	0	StarfruitSeed	0.0060000000000000001
ODDS	2	Pack05	1	DatePalmSeed	0.98177142178152466
ODDS	2	Pack05	1	MirageFigSeed	0.0002869057499370111
ODDS	2	Pack05	1	SolarStarfruitSeed	3e-09
ODDS	2	Pack05	1	StarfruitSeed	0.017941669468538365
ODDS	2	Pack05	2	DatePalmSeed	0.96509214895263074
ODDS	2	Pack05	2	MirageFigSeed	0.00072067466038885876
ODDS	2	Pack05	2	SolarStarfruitSeed	2.9999999999999997e-08
ODDS	2	Pack05	2	StarfruitSeed	0.034187146386980387
ODDS	2	Pack05	3	DatePalmSeed	0.90080973133824616
ODDS	2	Pack05	3	MirageFigSeed	0.0031518333652845211
ODDS	2	Pack05	3	SolarStarfruitSeed	1.1999999999999999e-06
ODDS	2	Pack05	3	StarfruitSeed	0.096037235296469306
ODDS	2	Pack05	4	DatePalmSeed	0.73486868141094253
ODDS	2	Pack05	4	MirageFigSeed	0.015071318589057484
ODDS	2	Pack05	4	SolarStarfruitSeed	6.0000000000000002e-05
ODDS	2	Pack05	4	StarfruitSeed	0.25
ODDS	2	Pack05	5	DatePalmSeed	0.69700000000000006
ODDS	2	Pack05	5	MirageFigSeed	0.050000000000000003
ODDS	2	Pack05	5	SolarStarfruitSeed	0.0030000000000000001
ODDS	2	Pack05	5	StarfruitSeed	0.25
ODDS	2	Pack06	0	DatePalmSeed	0.97979999979999999
ODDS	2	Pack06	0	MirageFigSeed	0.00020000000000000001
ODDS	2	Pack06	0	SolarStarfruitSeed	2.0000000000000001e-10
ODDS	2	Pack06	0	StarfruitSeed	0.02
ODDS	2	Pack06	1	DatePalmSeed	0.93923807260508207
ODDS	2	Pack06	1	MirageFigSeed	0.0009563524997900372
ODDS	2	Pack06	1	SolarStarfruitSeed	1e-08
ODDS	2	Pack06	1	StarfruitSeed	0.059805564895127887
ODDS	2	Pack06	2	DatePalmSeed	0.88364049650876919
ODDS	2	Pack06	2	MirageFigSeed	0.0024022488679628627
ODDS	2	Pack06	2	SolarStarfruitSeed	1.0000000000000001e-07
ODDS	2	Pack06	2	StarfruitSeed	0.11395715462326797
ODDS	2	Pack06	3	DatePalmSeed	0.73948988878238486
ODDS	2	Pack06	3	MirageFigSeed	0.010506111217615072
ODDS	2	Pack06	3	SolarStarfruitSeed	3.9999999999999998e-06
ODDS	2	Pack06	3	StarfruitSeed	0.25
ODDS	2	Pack06	4	DatePalmSeed	0.69980000000000009
ODDS	2	Pack06	4	MirageFigSeed	0.050000000000000003
ODDS	2	Pack06	4	SolarStarfruitSeed	0.00020000000000000001
ODDS	2	Pack06	4	StarfruitSeed	0.25
ODDS	2	Pack06	5	DatePalmSeed	0.68999999999999995
ODDS	2	Pack06	5	MirageFigSeed	0.050000000000000003
ODDS	2	Pack06	5	SolarStarfruitSeed	0.01
ODDS	2	Pack06	5	StarfruitSeed	0.25
ODDS	3	Pack01	0	SnowdropSeed	0.83656566666566656
ODDS	3	Pack01	0	IceberrySeed	0.125
ODDS	3	Pack01	0	WinterPineSeed	0.033333333333333333
ODDS	3	Pack01	0	CrystalLilySeed	0.0050000000000000001
ODDS	3	Pack01	0	SilentFrostbellSeed	0.0001
ODDS	3	Pack01	0	PolarStarbloomSeed	9.9999999999999995e-07
ODDS	3	Pack01	0	WinterCrownwoodSeed	9.9999999999999998e-13
ODDS	3	Pack01	1	SnowdropSeed	0.81976401667464027
ODDS	3	Pack01	1	IceberrySeed	0.125
ODDS	3	Pack01	1	WinterPineSeed	0.04558231159984924
ODDS	3	Pack01	1	CrystalLilySeed	0.0093498620885358753
ODDS	3	Pack01	1	SilentFrostbellSeed	0.00029902782447563945
ODDS	3	Pack01	1	PolarStarbloomSeed	4.7817624989501853e-06
ODDS	3	Pack01	1	WinterCrownwoodSeed	5.0000000000000002e-11
ODDS	3	Pack01	2	SnowdropSeed	0.80610154788463706
ODDS	3	Pack01	2	IceberrySeed	0.125
ODDS	3	Pack01	2	WinterPineSeed	0.054801992084147481
ODDS	3	Pack01	2	CrystalLilySeed	0.013514662513759334
ODDS	3	Pack01	2	SilentFrostbellSeed	0.00056978577311633989
ODDS	3	Pack01	2	PolarStarbloomSeed	1.2011244339814314e-05
ODDS	3	Pack01	2	WinterCrownwoodSeed	5.0000000000000003e-10
ODDS	3	Pack01	3	SnowdropSeed	0.775347029196369
ODDS	3	Pack01	3	IceberrySeed	0.125
ODDS	3	Pack01	3	WinterPineSeed	0.073614123412927016
ODDS	3	Pack01	3	CrystalLilySeed	0.024385676246341418
ODDS	3	Pack01	3	SilentFrostbellSeed	0.0016006205882744887
ODDS	3	Pack01	3	PolarStarbloomSeed	5.2530556088075354e-05
ODDS	3	Pack01	3	WinterCrownwoodSeed	2e-08
ODDS	3	Pack01	4	SnowdropSeed	0.72369591111909326
ODDS	3	Pack01	4	IceberrySeed	0.125
ODDS	3	Pack01	4	WinterPineSeed	0.10066505734673387
ODDS	3	Pack01	4	CrystalLilySeed	0.045600541967795491
ODDS	3	Pack01	4	SilentFrostbellSeed	0.0047863009232263854
ODDS	3	Pack01	4	PolarStarbloomSeed	0.00025118864315095806
ODDS	3	Pack01	4	WinterCrownwoodSeed	9.9999999999999995e-07
ODDS	3	Pack01	5	SnowdropSeed	0.63650836799429578
ODDS	3	Pack01	5	IceberrySeed	0.125
ODDS	3	Pack01	5	WinterPineSeed	0.13765638033586547
ODDS	3	Pack01	5	CrystalLilySeed	0.085271755712276034
ODDS	3	Pack01	5	SilentFrostbellSeed	0.014312371523581306
ODDS	3	Pack01	5	PolarStarbloomSeed	0.0012011244339814315
ODDS	3	Pack01	5	WinterCrownwoodSeed	4.9999999999999996e-05
ODDS	3	Pack02	0	SnowdropSeed	0.72058083333083334
ODDS	3	Pack02	0	IceberrySeed	0.20000000000000001
ODDS	3	Pack02	0	WinterPineSeed	0.066666666666666666
ODDS	3	Pack02	0	CrystalLilySeed	0.012500000000000001
ODDS	3	Pack02	0	SilentFrostbellSeed	0.00025000000000000001
ODDS	3	Pack02	0	PolarStarbloomSeed	2.5000000000000002e-06
ODDS	3	Pack02	0	WinterCrownwoodSeed	2.4999999999999994e-12
ODDS	3	Pack02	1	SnowdropSeed	0.68470119748652536
ODDS	3	Pack02	1	IceberrySeed	0.20000000000000001
ODDS	3	Pack02	1	WinterPineSeed	0.09116462319969848
ODDS	3	Pack02	1	CrystalLilySeed	0.023374655221339687
ODDS	3	Pack02	1	SilentFrostbellSeed	0.00074756956118909857
ODDS	3	Pack02	1	PolarStarbloomSeed	1.1954406247375466e-05
ODDS	3	Pack02	1	WinterCrownwoodSeed	1.2499999999999998e-10
ODDS	3	Pack02	2	SnowdropSeed	0.65515486575366633
ODDS	3	Pack02	2	IceberrySeed	0.20000000000000001
ODDS	3	Pack02	2	WinterPineSeed	0.10960398416829496
ODDS	3	Pack02	2	CrystalLilySeed	0.033786656284398336
ODDS	3	Pack02	2	SilentFrostbellSeed	0.0014244644327908495
ODDS	3	Pack02	2	PolarStarbloomSeed	3.0028110849535786e-05
ODDS	3	Pack02	2	WinterCrownwoodSeed	1.25e-09
ODDS	3	Pack02	3	SnowdropSeed	0.58767463469738601
ODDS	3	Pack02	3	IceberrySeed	0.20000000000000001
ODDS	3	Pack02	3	WinterPineSeed	0.14722824682585403
ODDS	3	Pack02	3	CrystalLilySeed	0.060964190615853543
ODDS	3	Pack02	3	SilentFrostbellSeed	0.0040015514706862217
ODDS	3	Pack02	3	PolarStarbloomSeed	0.00013132639022018841
ODDS	3	Pack02	3	WinterCrownwoodSeed	4.9999999999999998e-08
ODDS	3	Pack02	4	SnowdropSeed	0.4720723064711001
ODDS	3	Pack02	4	IceberrySeed	0.20000000000000001
ODDS	3	Pack02	4	WinterPineSeed	0.20133011469346773
ODDS	3	Pack02	4	CrystalLilySeed	0.11400135491948873
ODDS	3	Pack02	4	SilentFrostbellSeed	0.011965752308065963
ODDS	3	Pack02	4	PolarStarbloomSeed	0.00062797160787739529
ODDS	3	Pack02	4	WinterCrownwoodSeed	2.5000000000000002e-06
ODDS	3	Pack02	5	SnowdropSeed	0.28823233333233333
ODDS	3	Pack02	5	IceberrySeed	0.1843667768213389
ODDS	3	Pack02	5	WinterPineSeed	0.27531276067173094
ODDS	3	Pack02	5	CrystalLilySeed	0.21317938928069011
ODDS	3	Pack02	5	SilentFrostbellSeed	0.035780928808953262
ODDS	3	Pack02	5	PolarStarbloomSeed	0.0030028110849535787
ODDS	3	Pack02	5	WinterCrownwoodSeed	0.000125
ODDS	3	Pack03	0	SnowdropSeed	0.42320352380352377
ODDS	3	Pack03	0	IceberrySeed	0.40000000000000002
ODDS	3	Pack03	0	WinterPineSeed	0.14285714285714285
ODDS	3	Pack03	0	CrystalLilySeed	0.033333333333333333
ODDS	3	Pack03	0	SilentFrostbellSeed	0.00059999999999999995
ODDS	3	Pack03	0	PolarStarbloomSeed	6.0000000000000002e-06
ODDS	3	Pack03	0	WinterCrownwoodSeed	6.0000000000000003e-12
ODDS	3	Pack03	1	SnowdropSeed	0.34049196425522593
ODDS	3	Pack03	1	IceberrySeed	0.40000000000000002
ODDS	3	Pack03	1	WinterPineSeed	0.19535276399935386
ODDS	3	Pack03	1	CrystalLilySeed	0.062332413923572499
ODDS	3	Pack03	1	SilentFrostbellSeed	0.0017941669468538365
ODDS	3	Pack03	1	PolarStarbloomSeed	2.8690574993701115e-05
ODDS	3	Pack03	1	WinterCrownwoodSeed	3e-10
ODDS	3	Pack03	2	SnowdropSeed	0.27154578444290212
ODDS	3	Pack03	2	IceberrySeed	0.40000000000000002
ODDS	3	Pack03	2	WinterPineSeed	0.23486568036063205
ODDS	3	Pack03	2	CrystalLilySeed	0.090097750091728893
ODDS	3	Pack03	2	SilentFrostbellSeed	0.0034187146386980387
ODDS	3	Pack03	2	PolarStarbloomSeed	7.2067466038885881e-05
ODDS	3	Pack03	2	WinterCrownwoodSeed	3e-09
ODDS	3	Pack03	3	SnowdropSeed	0.16928140952140946
ODDS	3	Pack03	3	IceberrySeed	0.34273928829569
ODDS	3	Pack03	3	WinterPineSeed	0.31548910034111577
ODDS	3	Pack03	3	CrystalLilySeed	0.16257117497560944
ODDS	3	Pack03	3	SilentFrostbellSeed	0.0096037235296469303
ODDS	3	Pack03	3	PolarStarbloomSeed	0.00031518333652845215
ODDS	3	Pack03	3	WinterCrownwoodSeed	1.2000000000000002e-07
ODDS	3	Pack03	4	SnowdropSeed	0.16928140952140946
ODDS	3	Pack03	4	IceberrySeed	0.20000000000000001
ODDS	3	Pack03	4	WinterPineSeed	0.29648403996168976
ODDS	3	Pack03	4	CrystalLilySeed	0.30400361311863661
ODDS	3	Pack03	4	SilentFrostbellSeed	0.028717805539358307
ODDS	3	Pack03	4	PolarStarbloomSeed	0.0015071318589057483
ODDS	3	Pack03	4	WinterCrownwoodSeed	6.0000000000000002e-06
ODDS	3	Pack03	5	SnowdropSeed	0.16928140952140946
ODDS	3	Pack03	5	IceberrySeed	0.20000000000000001
ODDS	3	Pack03	5	WinterPineSeed	0.087337614733214164
ODDS	3	Pack03	5	CrystalLilySeed	0.45000000000000001
ODDS	3	Pack03	5	SilentFrostbellSeed	0.085874229141487818
ODDS	3	Pack03	5	PolarStarbloomSeed	0.0072067466038885893
ODDS	3	Pack03	5	WinterCrownwoodSeed	0.00030000000000000003
ODDS	3	Pack04	0	IceberrySeed	0.56464666664666663
ODDS	3	Pack04	0	WinterPineSeed	0.33333333333333326
ODDS	3	Pack04	0	CrystalLilySeed	0.10000000000000001
ODDS	3	Pack04	0	SilentFrostbellSeed	0.002
ODDS	3	Pack04	0	PolarStarbloomSeed	2.0000000000000002e-05
ODDS	3	Pack04	0	WinterCrownwoodSeed	1.9999999999999996e-11
ODDS	3	Pack04	1	IceberrySeed	0.35110344949129835
ODDS	3	Pack04	1	WinterPineSeed	0.45582311599849235
ODDS	3	Pack04	1	CrystalLilySeed	0.1869972417707175
ODDS	3	Pack04	1	SilentFrostbellSeed	0.0059805564895127885
ODDS	3	Pack04	1	PolarStarbloomSeed	9.5635249979003726e-05
ODDS	3	Pack04	1	WinterCrownwoodSeed	9.9999999999999986e-10
ODDS	3	Pack04	2	IceberrySeed	0.22585866665866661
ODDS	3	Pack04	2	WinterPineSeed	0.49221213271702363
ODDS	3	Pack04	2	CrystalLilySeed	0.27029325027518669
ODDS	3	Pack04	2	SilentFrostbellSeed	0.011395715462326796
ODDS	3	Pack04	2	PolarStarbloomSeed	0.00024022488679628629
ODDS	3	Pack04	2	WinterCrownwoodSeed	1e-08
ODDS	3	Pack04	3	IceberrySeed	0.22585866665866661
ODDS	3	Pack04	3	WinterPineSeed	0.29107791045408216
ODDS	3	Pack04	3	CrystalLilySeed	0.45000000000000001
ODDS	3	Pack04	3	SilentFrostbellSeed	0.032012411765489773
ODDS	3	Pack04	3	PolarStarbloomSeed	0.0010506111217615072
ODDS	3	Pack04	3	WinterCrownwoodSeed	3.9999999999999998e-07
ODDS	3	Pack04	4	IceberrySeed	0.22585866665866672
ODDS	3	Pack04	4	WinterPineSeed	0.22337154201378653
ODDS	3	Pack04	4	CrystalLilySeed	0.45000000000000001
ODDS	3	Pack04	4	SilentFrostbellSeed	0.095726018464527704
ODDS	3	Pack04	4	PolarStarbloomSeed	0.0050237728630191623
ODDS	3	Pack04	4	WinterCrownwoodSeed	2.0000000000000002e-05
ODDS	3	Pack04	5	IceberrySeed	0.22585866665866661
ODDS	3	Pack04	5	WinterPineSeed	0.16666666666666663
ODDS	3	Pack04	5	CrystalLilySeed	0.33245217799503818
ODDS	3	Pack04	5	SilentFrostbellSeed	0.25
ODDS	3	Pack04	5	PolarStarbloomSeed	0.024022488679628629
ODDS	3	Pack04	5	WinterCrownwoodSeed	0.001
ODDS	3	Pack05	0	IceberrySeed	0.34393999994000007
ODDS	3	Pack05	0	WinterPineSeed	0.40000000000000002
ODDS	3	Pack05	0	CrystalLilySeed	0.25
ODDS	3	Pack05	0	SilentFrostbellSeed	0.0060000000000000001
ODDS	3	Pack05	0	PolarStarbloomSeed	5.9999999999999995e-05
ODDS	3	Pack05	0	WinterCrownwoodSeed	6e-11
ODDS	3	Pack05	1	IceberrySeed	0.13757599997600001
ODDS	3	Pack05	1	WinterPineSeed	0.39419542180552453
ODDS	3	Pack05	1	CrystalLilySeed	0.45000000000000001
ODDS	3	Pack05	1	SilentFrostbellSeed	0.017941669468538365
ODDS	3	Pack05	1	PolarStarbloomSeed	0.0002869057499370111
ODDS	3	Pack05	1	WinterCrownwoodSeed	3e-09
ODDS	3	Pack05	2	IceberrySeed	0.13757599997600001
ODDS	3	Pack05	2	WinterPineSeed	0.37751614897663077
ODDS	3	Pack05	2	CrystalLilySeed	0.45000000000000001
ODDS	3	Pack05	2	SilentFrostbellSeed	0.034187146386980387
ODDS	3	Pack05	2	PolarStarbloomSeed	0.00072067466038885876
ODDS	3	Pack05	2	WinterCrownwoodSeed	2.9999999999999997e-08
ODDS	3	Pack05	3	IceberrySeed	0.1375759999759999
ODDS	3	Pack05	3	WinterPineSeed	0.31323373136224619
ODDS	3	Pack05	3	CrystalLilySeed	0.45000000000000001
ODDS	3	Pack05	3	SilentFrostbellSeed	0.096037235296469306
ODDS	3	Pack05	3	PolarStarbloomSeed	0.0031518333652845211
ODDS	3	Pack05	3	WinterCrownwoodSeed	1.1999999999999999e-06
ODDS	3	Pack05	4	IceberrySeed	0.1375759999759999
ODDS	3	Pack05	4	WinterPineSeed	0.20000000000000001
ODDS	3	Pack05	4	CrystalLilySeed	0.39729268143494267
ODDS	3	Pack05	4	SilentFrostbellSeed	0.25
ODDS	3	Pack05	4	PolarStarbloomSeed	0.015071318589057484
ODDS	3	Pack05	4	WinterCrownwoodSeed	6.0000000000000002e-05
ODDS	3	Pack05	5	IceberrySeed	0.1375759999759999
ODDS	3	Pack05	5	WinterPineSeed	0.20000000000000001
ODDS	3	Pack05	5	CrystalLilySeed	0.35942400002400005
ODDS	3	Pack05	5	SilentFrostbellSeed	0.25
ODDS	3	Pack05	5	PolarStarbloomSeed	0.050000000000000003
ODDS	3	Pack05	5	WinterCrownwoodSeed	0.0030000000000000001
ODDS	3	Pack06	0	WinterPineSeed	0.57979999979999997
ODDS	3	Pack06	0	CrystalLilySeed	0.40000000000000002
ODDS	3	Pack06	0	SilentFrostbellSeed	0.02
ODDS	3	Pack06	0	PolarStarbloomSeed	0.00020000000000000001
ODDS	3	Pack06	0	WinterCrownwoodSeed	2.0000000000000001e-10
ODDS	3	Pack06	1	WinterPineSeed	0.48923807260508212
ODDS	3	Pack06	1	CrystalLilySeed	0.45000000000000001
ODDS	3	Pack06	1	SilentFrostbellSeed	0.059805564895127887
ODDS	3	Pack06	1	PolarStarbloomSeed	0.0009563524997900372
ODDS	3	Pack06	1	WinterCrownwoodSeed	1e-08
ODDS	3	Pack06	2	WinterPineSeed	0.43364049650876912
ODDS	3	Pack06	2	CrystalLilySeed	0.45000000000000001
ODDS	3	Pack06	2	SilentFrostbellSeed	0.11395715462326797
ODDS	3	Pack06	2	PolarStarbloomSeed	0.0024022488679628627
ODDS	3	Pack06	2	WinterCrownwoodSeed	1.0000000000000001e-07
ODDS	3	Pack06	3	WinterPineSeed	0.28948988878238491
ODDS	3	Pack06	3	CrystalLilySeed	0.45000000000000001
ODDS	3	Pack06	3	SilentFrostbellSeed	0.25
ODDS	3	Pack06	3	PolarStarbloomSeed	0.010506111217615072
ODDS	3	Pack06	3	WinterCrownwoodSeed	3.9999999999999998e-06
ODDS	3	Pack06	4	WinterPineSeed	0.24980000000000005
ODDS	3	Pack06	4	CrystalLilySeed	0.45000000000000001
ODDS	3	Pack06	4	SilentFrostbellSeed	0.25
ODDS	3	Pack06	4	PolarStarbloomSeed	0.050000000000000003
ODDS	3	Pack06	4	WinterCrownwoodSeed	0.00020000000000000001
ODDS	3	Pack06	5	WinterPineSeed	0.23999999999999999
ODDS	3	Pack06	5	CrystalLilySeed	0.45000000000000001
ODDS	3	Pack06	5	SilentFrostbellSeed	0.25
ODDS	3	Pack06	5	PolarStarbloomSeed	0.050000000000000003
ODDS	3	Pack06	5	WinterCrownwoodSeed	0.01
ODDS	4	Pack01	0	FirePepperSeed	0.32218855555522224
ODDS	4	Pack01	0	EmberBloomSeed	0.32218855555522224
ODDS	4	Pack01	0	AshRoseSeed	0.32218855555522224
ODDS	4	Pack01	0	LavaLotusSeed	0.033333333333333333
ODDS	4	Pack01	0	ObsidianMawSeed	0.0001
ODDS	4	Pack01	0	SupernovaBloomSeed	9.9999999999999995e-07
ODDS	4	Pack01	0	EmberEmperorSeed	9.9999999999999998e-13
ODDS	4	Pack01	1	FirePepperSeed	0.31803795958772541
ODDS	4	Pack01	1	EmberBloomSeed	0.31803795958772541
ODDS	4	Pack01	1	AshRoseSeed	0.31803795958772541
ODDS	4	Pack01	1	LavaLotusSeed	0.04558231159984924
ODDS	4	Pack01	1	ObsidianMawSeed	0.00029902782447563945
ODDS	4	Pack01	1	SupernovaBloomSeed	4.7817624989501853e-06
ODDS	4	Pack01	1	EmberEmperorSeed	5.0000000000000002e-11
ODDS	4	Pack01	2	FirePepperSeed	0.31487207013279878
ODDS	4	Pack01	2	EmberBloomSeed	0.31487207013279878
ODDS	4	Pack01	2	AshRoseSeed	0.31487207013279878
ODDS	4	Pack01	2	LavaLotusSeed	0.054801992084147481
ODDS	4	Pack01	2	ObsidianMawSeed	0.00056978577311633989
ODDS	4	Pack01	2	SupernovaBloomSeed	1.2011244339814314e-05
ODDS	4	Pack01	2	EmberEmperorSeed	5.0000000000000003e-10
ODDS	4	Pack01	3	FirePepperSeed	0.3082442351475701
ODDS	4	Pack01	3	EmberBloomSeed	0.3082442351475701
ODDS	4	Pack01	3	AshRoseSeed	0.3082442351475701
ODDS	4	Pack01	3	LavaLotusSeed	0.073614123412927016
ODDS	4	Pack01	3	ObsidianMawSeed	0.0016006205882744887
ODDS	4	Pack01	3	SupernovaBloomSeed	5.2530556088075354e-05
ODDS	4	Pack01	3	EmberEmperorSeed	2e-08
ODDS	4	Pack01	4	FirePepperSeed	0.29809881769562957
ODDS	4	Pack01	4	EmberBloomSeed	0.29809881769562957
ODDS	4	Pack01	4	AshRoseSeed	0.29809881769562957
ODDS	4	Pack01	4	LavaLotusSeed	0.10066505734673387
ODDS	4	Pack01	4	ObsidianMawSeed	0.0047863009232263854
ODDS	4	Pack01	4	SupernovaBloomSeed	0.00025118864315095806
ODDS	4	Pack01	4	EmberEmperorSeed	9.9999999999999995e-07
ODDS	4	Pack01	5	FirePepperSeed	0.2822600412355239
ODDS	4	Pack01	5	EmberBloomSeed	0.2822600412355239
ODDS	4	Pack01	5	AshRoseSeed	0.2822600412355239
ODDS	4	Pack01	5	LavaLotusSeed	0.13765638033586547
ODDS	4	Pack01	5	ObsidianMawSeed	0.014312371523581306
ODDS	4	Pack01	5	SupernovaBloomSeed	0.0012011244339814315
ODDS	4	Pack01	5	EmberEmperorSeed	4.9999999999999996e-05
ODDS	4	Pack02	0	FirePepperSeed	0.31102694444361112
ODDS	4	Pack02	0	EmberBloomSeed	0.31102694444361112
ODDS	4	Pack02	0	AshRoseSeed	0.31102694444361112
ODDS	4	Pack02	0	LavaLotusSeed	0.066666666666666666
ODDS	4	Pack02	0	ObsidianMawSeed	0.00025000000000000001
ODDS	4	Pack02	0	SupernovaBloomSeed	2.5000000000000002e-06
ODDS	4	Pack02	0	EmberEmperorSeed	2.4999999999999994e-12
ODDS	4	Pack02	1	FirePepperSeed	0.30269195090262169
ODDS	4	Pack02	1	EmberBloomSeed	0.30269195090262169
ODDS	4	Pack02	1	AshRoseSeed	0.30269195090262169
ODDS	4	Pack02	1	LavaLotusSeed	0.09116462319969848
ODDS	4	Pack02	1	ObsidianMawSeed	0.00074756956118909857
ODDS	4	Pack02	1	SupernovaBloomSeed	1.1954406247375466e-05
ODDS	4	Pack02	1	EmberEmperorSeed	1.2499999999999998e-10
ODDS	4	Pack02	2	FirePepperSeed	0.2963138406793549
ODDS	4	Pack02	2	EmberBloomSeed	0.2963138406793549
ODDS	4	Pack02	2	AshRoseSeed	0.2963138406793549
ODDS	4	Pack02	2	LavaLotusSeed	0.10960398416829496
ODDS	4	Pack02	2	ObsidianMawSeed	0.0014244644327908495
ODDS	4	Pack02	2	SupernovaBloomSeed	3.0028110849535786e-05
ODDS	4	Pack02	2	EmberEmperorSeed	1.25e-09
ODDS	4	Pack02	3	FirePepperSeed	0.28287960843774651
ODDS	4	Pack02	3	EmberBloomSeed	0.28287960843774651
ODDS	4	Pack02	3	AshRoseSeed	0.28287960843774651
ODDS	4	Pack02	3	LavaLotusSeed	0.14722824682585403
ODDS	4	Pack02	3	ObsidianMawSeed	0.0040015514706862217
ODDS	4	Pack02	3	SupernovaBloomSeed	0.00013132639022018841
ODDS	4	Pack02	3	EmberEmperorSeed	4.9999999999999998e-08
ODDS	4	Pack02	4	FirePepperSeed	0.26202455379686301
ODDS	4	Pack02	4	EmberBloomSeed	0.26202455379686301
ODDS	4	Pack02	4	AshRoseSeed	0.26202455379686301
ODDS	4	Pack02	4	LavaLotusSeed	0.20133011469346773
ODDS	4	Pack02	4	ObsidianMawSeed	0.011965752308065963
ODDS	4	Pack02	4	SupernovaBloomSeed	0.00062797160787739529
ODDS	4	Pack02	4	EmberEmperorSeed	2.5000000000000002e-06
ODDS	4	Pack02	5	FirePepperSeed	0.2285928331447874
ODDS	4	Pack02	5	EmberBloomSeed	0.2285928331447874
ODDS	4	Pack02	5	AshRoseSeed	0.2285928331447874
ODDS	4	Pack02	5	LavaLotusSeed	0.27531276067173094
ODDS	4	Pack02	5	ObsidianMawSeed	0.035780928808953262
ODDS	4	Pack02	5	SupernovaBloomSeed	0.0030028110849535787
ODDS	4	Pack02	5	EmberEmperorSeed	0.000125
ODDS	4	Pack03	0	FirePepperSeed	0.28551228571228571
ODDS	4	Pack03	0	EmberBloomSeed	0.28551228571228571
ODDS	4	Pack03	0	AshRoseSeed	0.28551228571228571
ODDS	4	Pack03	0	LavaLotusSeed	0.14285714285714285
ODDS	4	Pack03	0	ObsidianMawSeed	0.00059999999999999995
ODDS	4	Pack03	0	SupernovaBloomSeed	6.0000000000000002e-06
ODDS	4	Pack03	0	EmberEmperorSeed	6.0000000000000003e-12
ODDS	4	Pack03	1	FirePepperSeed	0.26760812605959955
ODDS	4	Pack03	1	EmberBloomSeed	0.26760812605959955
ODDS	4	Pack03	1	AshRoseSeed	0.26760812605959955
ODDS	4	Pack03	1	LavaLotusSeed	0.19535276399935386
ODDS	4	Pack03	1	ObsidianMawSeed	0.0017941669468538365
ODDS	4	Pack03	1	SupernovaBloomSeed	2.8690574993701115e-05
ODDS	4	Pack03	1	EmberEmperorSeed	3e-10
ODDS	4	Pack03	2	FirePepperSeed	0.25388117817821038
ODDS	4	Pack03	2	EmberBloomSeed	0.25388117817821038
ODDS	4	Pack03	2	AshRoseSeed	0.25388117817821038
ODDS	4	Pack03	2	LavaLotusSeed	0.23486568036063205
ODDS	4	Pack03	2	ObsidianMawSeed	0.0034187146386980387
ODDS	4	Pack03	2	SupernovaBloomSeed	7.2067466038885881e-05
ODDS	4	Pack03	2	EmberEmperorSeed	3e-09
ODDS	4	Pack03	3	FirePepperSeed	0.22486395759756961
ODDS	4	Pack03	3	EmberBloomSeed	0.22486395759756961
ODDS	4	Pack03	3	AshRoseSeed	0.22486395759756961
ODDS	4	Pack03	3	LavaLotusSeed	0.31548910034111577
ODDS	4	Pack03	3	ObsidianMawSeed	0.0096037235296469303
ODDS	4	Pack03	3	SupernovaBloomSeed	0.00031518333652845215
ODDS	4	Pack03	3	EmberEmperorSeed	1.2000000000000002e-07
ODDS	4	Pack03	4	FirePepperSeed	0.17944912941953026
ODDS	4	Pack03	4	EmberBloomSeed	0.17944912941953026
ODDS	4	Pack03	4	AshRoseSeed	0.17944912941953026
ODDS	4	Pack03	4	LavaLotusSeed	0.43142167434314516
ODDS	4	Pack03	4	ObsidianMawSeed	0.028717805539358307
ODDS	4	Pack03	4	SupernovaBloomSeed	0.0015071318589057483
ODDS	4	Pack03	4	EmberEmperorSeed	6.0000000000000002e-06
ODDS	4	Pack03	5	FirePepperSeed	0.13553967475154124
ODDS	4	Pack03	5	EmberBloomSeed	0.13553967475154124
ODDS	4	Pack03	5	AshRoseSeed	0.13553967475154124
ODDS	4	Pack03	5	LavaLotusSeed	0.5
ODDS	4	Pack03	5	ObsidianMawSeed	0.085874229141487818
ODDS	4	Pack03	5	SupernovaBloomSeed	0.0072067466038885893
ODDS	4	Pack03	5	EmberEmperorSeed	0.00030000000000000003
ODDS	4	Pack04	0	FirePepperSeed	0.22154888888222221
ODDS	4	Pack04	0	EmberBloomSeed	0.22154888888222221
ODDS	4	Pack04	0	AshRoseSeed	0.22154888888222221
ODDS	4	Pack04	0	LavaLotusSeed	0.33333333333333326
ODDS	4	Pack04	0	ObsidianMawSeed	0.002
ODDS	4	Pack04	0	SupernovaBloomSeed	2.0000000000000002e-05
ODDS	4	Pack04	0	EmberEmperorSeed	1.9999999999999996e-11
ODDS	4	Pack04	1	FirePepperSeed	0.17936689708733863
ODDS	4	Pack04	1	EmberBloomSeed	0.17936689708733863
ODDS	4	Pack04	1	AshRoseSeed	0.17936689708733863
ODDS	4	Pack04	1	LavaLotusSeed	0.45582311599849235
ODDS	4	Pack04	1	ObsidianMawSeed	0.0059805564895127885
ODDS	4	Pack04	1	SupernovaBloomSeed	9.5635249979003726e-05
ODDS	4	Pack04	1	EmberEmperorSeed	9.9999999999999986e-10
ODDS	4	Pack04	2	FirePepperSeed	0.16278801655029229
ODDS	4	Pack04	2	EmberBloomSeed	0.16278801655029229
ODDS	4	Pack04	2	AshRoseSeed	0.16278801655029229
ODDS	4	Pack04	2	LavaLotusSeed	0.5
ODDS	4	Pack04	2	ObsidianMawSeed	0.011395715462326796
ODDS	4	Pack04	2	SupernovaBloomSeed	0.00024022488679628629
ODDS	4	Pack04	2	EmberEmperorSeed	1e-08
ODDS	4	Pack04	3	FirePepperSeed	0.15564552570424958
ODDS	4	Pack04	3	EmberBloomSeed	0.15564552570424958
ODDS	4	Pack04	3	AshRoseSeed	0.15564552570424958
ODDS	4	Pack04	3	LavaLotusSeed	0.5
ODDS	4	Pack04	3	ObsidianMawSeed	0.032012411765489773
ODDS	4	Pack04	3	SupernovaBloomSeed	0.0010506111217615072
ODDS	4	Pack04	3	EmberEmperorSeed	3.9999999999999998e-07
ODDS	4	Pack04	4	FirePepperSeed	0.13307673622415106
ODDS	4	Pack04	4	EmberBloomSeed	0.13307673622415106
ODDS	4	Pack04	4	AshRoseSeed	0.13307673622415106
ODDS	4	Pack04	4	LavaLotusSeed	0.5
ODDS	4	Pack04	4	ObsidianMawSeed	0.095726018464527704
ODDS	4	Pack04	4	SupernovaBloomSeed	0.0050237728630191623
ODDS	4	Pack04	4	EmberEmperorSeed	2.0000000000000002e-05
ODDS	4	Pack04	5	FirePepperSeed	0.088619555552888862
ODDS	4	Pack04	5	EmberBloomSeed	0.088619555552888862
ODDS	4	Pack04	5	AshRoseSeed	0.088619555552888862
ODDS	4	Pack04	5	LavaLotusSeed	0.45911884466170472
ODDS	4	Pack04	5	ObsidianMawSeed	0.25
ODDS	4	Pack04	5	SupernovaBloomSeed	0.024022488679628629
ODDS	4	Pack04	5	EmberEmperorSeed	0.001
ODDS	4	Pack05	0	FirePepperSeed	0.19797999997999993
ODDS	4	Pack05	0	EmberBloomSeed	0.19797999997999993
ODDS	4	Pack05	0	AshRoseSeed	0.19797999997999993
ODDS	4	Pack05	0	LavaLotusSeed	0.40000000000000002
ODDS	4	Pack05	0	ObsidianMawSeed	0.0060000000000000001
ODDS	4	Pack05	0	SupernovaBloomSeed	5.9999999999999995e-05
ODDS	4	Pack05	0	EmberEmperorSeed	6e-11
ODDS	4	Pack05	1	FirePepperSeed	0.16059047392717485
ODDS	4	Pack05	1	EmberBloomSeed	0.16059047392717485
ODDS	4	Pack05	1	AshRoseSeed	0.16059047392717485
ODDS	4	Pack05	1	LavaLotusSeed	0.5
ODDS	4	Pack05	1	ObsidianMawSeed	0.017941669468538365
ODDS	4	Pack05	1	SupernovaBloomSeed	0.0002869057499370111
ODDS	4	Pack05	1	EmberEmperorSeed	3e-09
ODDS	4	Pack05	2	FirePepperSeed	0.15503071631754359
ODDS	4	Pack05	2	EmberBloomSeed	0.15503071631754359
ODDS	4	Pack05	2	AshRoseSeed	0.15503071631754359
ODDS	4	Pack05	2	LavaLotusSeed	0.5
ODDS	4	Pack05	2	ObsidianMawSeed	0.034187146386980387
ODDS	4	Pack05	2	SupernovaBloomSeed	0.00072067466038885876
ODDS	4	Pack05	2	EmberEmperorSeed	2.9999999999999997e-08
ODDS	4	Pack05	3	FirePepperSeed	0.13360324377941535
ODDS	4	Pack05	3	EmberBloomSeed	0.13360324377941535
ODDS	4	Pack05	3	AshRoseSeed	0.13360324377941535
ODDS	4	Pack05	3	LavaLotusSeed	0.5
ODDS	4	Pack05	3	ObsidianMawSeed	0.096037235296469306
ODDS	4	Pack05	3	SupernovaBloomSeed	0.0031518333652845211
ODDS	4	Pack05	3	EmberEmperorSeed	1.1999999999999999e-06
ODDS	4	Pack05	4	FirePepperSeed	0.079191999991999995
ODDS	4	Pack05	4	EmberBloomSeed	0.079191999991999995
ODDS	4	Pack05	4	AshRoseSeed	0.079191999991999995
ODDS	4	Pack05	4	LavaLotusSeed	0.49729268143494254
ODDS	4	Pack05	4	ObsidianMawSeed	0.25
ODDS	4	Pack05	4	SupernovaBloomSeed	0.015071318589057484
ODDS	4	Pack05	4	EmberEmperorSeed	6.0000000000000002e-05
ODDS	4	Pack05	5	FirePepperSeed	0.079191999991999995
ODDS	4	Pack05	5	EmberBloomSeed	0.079191999991999995
ODDS	4	Pack05	5	AshRoseSeed	0.079191999991999995
ODDS	4	Pack05	5	LavaLotusSeed	0.45942400002399997
ODDS	4	Pack05	5	ObsidianMawSeed	0.25
ODDS	4	Pack05	5	SupernovaBloomSeed	0.050000000000000003
ODDS	4	Pack05	5	EmberEmperorSeed	0.0030000000000000001
ODDS	4	Pack06	0	LavaLotusSeed	0.97979999979999999
ODDS	4	Pack06	0	ObsidianMawSeed	0.02
ODDS	4	Pack06	0	SupernovaBloomSeed	0.00020000000000000001
ODDS	4	Pack06	0	EmberEmperorSeed	2.0000000000000001e-10
ODDS	4	Pack06	1	LavaLotusSeed	0.93923807260508207
ODDS	4	Pack06	1	ObsidianMawSeed	0.059805564895127887
ODDS	4	Pack06	1	SupernovaBloomSeed	0.0009563524997900372
ODDS	4	Pack06	1	EmberEmperorSeed	1e-08
ODDS	4	Pack06	2	LavaLotusSeed	0.88364049650876919
ODDS	4	Pack06	2	ObsidianMawSeed	0.11395715462326797
ODDS	4	Pack06	2	SupernovaBloomSeed	0.0024022488679628627
ODDS	4	Pack06	2	EmberEmperorSeed	1.0000000000000001e-07
ODDS	4	Pack06	3	LavaLotusSeed	0.73948988878238486
ODDS	4	Pack06	3	ObsidianMawSeed	0.25
ODDS	4	Pack06	3	SupernovaBloomSeed	0.010506111217615072
ODDS	4	Pack06	3	EmberEmperorSeed	3.9999999999999998e-06
ODDS	4	Pack06	4	LavaLotusSeed	0.69980000000000009
ODDS	4	Pack06	4	ObsidianMawSeed	0.25
ODDS	4	Pack06	4	SupernovaBloomSeed	0.050000000000000003
ODDS	4	Pack06	4	EmberEmperorSeed	0.00020000000000000001
ODDS	4	Pack06	5	LavaLotusSeed	0.68999999999999995
ODDS	4	Pack06	5	ObsidianMawSeed	0.25
ODDS	4	Pack06	5	SupernovaBloomSeed	0.050000000000000003
ODDS	4	Pack06	5	EmberEmperorSeed	0.01
ODDS	5	Pack01	0	AmethystSeed	0.32052188888855554
ODDS	5	Pack01	0	PrismOrchidSeed	0.32052188888855554
ODDS	5	Pack01	0	MoonflowerSeed	0.32052188888855554
ODDS	5	Pack01	0	DiamondVineSeed	0.03833333333333333
ODDS	5	Pack01	0	HollowGeodeSeed	0.0001
ODDS	5	Pack01	0	OrbitLotusSeed	9.9999999999999995e-07
ODDS	5	Pack01	0	PrismMonarchSeed	9.9999999999999998e-13
ODDS	5	Pack01	1	AmethystSeed	0.31492133889154678
ODDS	5	Pack01	1	PrismOrchidSeed	0.31492133889154678
ODDS	5	Pack01	1	MoonflowerSeed	0.31492133889154678
ODDS	5	Pack01	1	DiamondVineSeed	0.054932173688385114
ODDS	5	Pack01	1	HollowGeodeSeed	0.00029902782447563945
ODDS	5	Pack01	1	OrbitLotusSeed	4.7817624989501853e-06
ODDS	5	Pack01	1	PrismMonarchSeed	5.0000000000000002e-11
ODDS	5	Pack01	2	AmethystSeed	0.31036718262821233
ODDS	5	Pack01	2	PrismOrchidSeed	0.31036718262821233
ODDS	5	Pack01	2	MoonflowerSeed	0.31036718262821233
ODDS	5	Pack01	2	DiamondVineSeed	0.068316654597906812
ODDS	5	Pack01	2	HollowGeodeSeed	0.00056978577311633989
ODDS	5	Pack01	2	OrbitLotusSeed	1.2011244339814314e-05
ODDS	5	Pack01	2	PrismMonarchSeed	5.0000000000000003e-10
ODDS	5	Pack01	3	AmethystSeed	0.30011567639878967
ODDS	5	Pack01	3	PrismOrchidSeed	0.30011567639878967
ODDS	5	Pack01	3	MoonflowerSeed	0.30011567639878967
ODDS	5	Pack01	3	DiamondVineSeed	0.09799979965926843
ODDS	5	Pack01	3	HollowGeodeSeed	0.0016006205882744887
ODDS	5	Pack01	3	OrbitLotusSeed	5.2530556088075354e-05
ODDS	5	Pack01	3	PrismMonarchSeed	2e-08
ODDS	5	Pack01	4	AmethystSeed	0.28289863703969775
ODDS	5	Pack01	4	PrismOrchidSeed	0.28289863703969775
ODDS	5	Pack01	4	MoonflowerSeed	0.28289863703969775
ODDS	5	Pack01	4	DiamondVineSeed	0.14626559931452937
ODDS	5	Pack01	4	HollowGeodeSeed	0.0047863009232263854
ODDS	5	Pack01	4	OrbitLotusSeed	0.00025118864315095806
ODDS	5	Pack01	4	PrismMonarchSeed	9.9999999999999995e-07
ODDS	5	Pack01	5	AmethystSeed	0.25383612266476524
ODDS	5	Pack01	5	PrismOrchidSeed	0.25383612266476524
ODDS	5	Pack01	5	MoonflowerSeed	0.25383612266476524
ODDS	5	Pack01	5	DiamondVineSeed	0.22292813604814149
ODDS	5	Pack01	5	HollowGeodeSeed	0.014312371523581306
ODDS	5	Pack01	5	OrbitLotusSeed	0.0012011244339814315
ODDS	5	Pack01	5	PrismMonarchSeed	4.9999999999999996e-05
ODDS	5	Pack02	0	AmethystSeed	0.30686027777694441
ODDS	5	Pack02	0	PrismOrchidSeed	0.30686027777694441
ODDS	5	Pack02	0	MoonflowerSeed	0.30686027777694441
ODDS	5	Pack02	0	DiamondVineSeed	0.079166666666666663
ODDS	5	Pack02	0	HollowGeodeSeed	0.00025000000000000001
ODDS	5	Pack02	0	OrbitLotusSeed	2.5000000000000002e-06
ODDS	5	Pack02	0	PrismMonarchSeed	2.4999999999999994e-12
ODDS	5	Pack02	1	AmethystSeed	0.29490039916217509
ODDS	5	Pack02	1	PrismOrchidSeed	0.29490039916217509
ODDS	5	Pack02	1	MoonflowerSeed	0.29490039916217509
ODDS	5	Pack02	1	DiamondVineSeed	0.11453927842103816
ODDS	5	Pack02	1	HollowGeodeSeed	0.00074756956118909857
ODDS	5	Pack02	1	OrbitLotusSeed	1.1954406247375466e-05
ODDS	5	Pack02	1	PrismMonarchSeed	1.2499999999999998e-10
ODDS	5	Pack02	2	AmethystSeed	0.28505162191788874
ODDS	5	Pack02	2	PrismOrchidSeed	0.28505162191788874
ODDS	5	Pack02	2	MoonflowerSeed	0.28505162191788874
ODDS	5	Pack02	2	DiamondVineSeed	0.14339064045269329
ODDS	5	Pack02	2	HollowGeodeSeed	0.0014244644327908495
ODDS	5	Pack02	2	OrbitLotusSeed	3.0028110849535786e-05
ODDS	5	Pack02	2	PrismMonarchSeed	1.25e-09
ODDS	5	Pack02	3	AmethystSeed	0.26255821156579534
ODDS	5	Pack02	3	PrismOrchidSeed	0.26255821156579534
ODDS	5	Pack02	3	MoonflowerSeed	0.26255821156579534
ODDS	5	Pack02	3	DiamondVineSeed	0.20819243744170757
ODDS	5	Pack02	3	HollowGeodeSeed	0.0040015514706862217
ODDS	5	Pack02	3	OrbitLotusSeed	0.00013132639022018841
ODDS	5	Pack02	3	PrismMonarchSeed	4.9999999999999998e-08
ODDS	5	Pack02	4	AmethystSeed	0.22402410215703339
ODDS	5	Pack02	4	PrismOrchidSeed	0.22402410215703339
ODDS	5	Pack02	4	MoonflowerSeed	0.22402410215703339
ODDS	5	Pack02	4	DiamondVineSeed	0.31533146961295644
ODDS	5	Pack02	4	HollowGeodeSeed	0.011965752308065963
ODDS	5	Pack02	4	OrbitLotusSeed	0.00062797160787739529
ODDS	5	Pack02	4	PrismMonarchSeed	2.5000000000000002e-06
ODDS	5	Pack02	5	AmethystSeed	0.15753303671789068
ODDS	5	Pack02	5	PrismOrchidSeed	0.15753303671789068
ODDS	5	Pack02	5	MoonflowerSeed	0.15753303671789068
ODDS	5	Pack02	5	DiamondVineSeed	0.48849214995242107
ODDS	5	Pack02	5	HollowGeodeSeed	0.035780928808953262
ODDS	5	Pack02	5	OrbitLotusSeed	0.0030028110849535787
ODDS	5	Pack02	5	PrismMonarchSeed	0.000125
ODDS	5	Pack03	0	AmethystSeed	0.27440117460117458
ODDS	5	Pack03	0	PrismOrchidSeed	0.27440117460117458
ODDS	5	Pack03	0	MoonflowerSeed	0.27440117460117458
ODDS	5	Pack03	0	DiamondVineSeed	0.17619047619047618
ODDS	5	Pack03	0	HollowGeodeSeed	0.00059999999999999995
ODDS	5	Pack03	0	OrbitLotusSeed	6.0000000000000002e-06
ODDS	5	Pack03	0	PrismMonarchSeed	6.0000000000000003e-12
ODDS	5	Pack03	1	AmethystSeed	0.24683065475174204
ODDS	5	Pack03	1	PrismOrchidSeed	0.24683065475174204
ODDS	5	Pack03	1	MoonflowerSeed	0.24683065475174204
ODDS	5	Pack03	1	DiamondVineSeed	0.25768517792292633
ODDS	5	Pack03	1	HollowGeodeSeed	0.0017941669468538365
ODDS	5	Pack03	1	OrbitLotusSeed	2.8690574993701115e-05
ODDS	5	Pack03	1	PrismMonarchSeed	3e-10
ODDS	5	Pack03	2	AmethystSeed	0.22384859481430072
ODDS	5	Pack03	2	PrismOrchidSeed	0.22384859481430072
ODDS	5	Pack03	2	MoonflowerSeed	0.22384859481430072
ODDS	5	Pack03	2	DiamondVineSeed	0.32496343045236098
ODDS	5	Pack03	2	HollowGeodeSeed	0.0034187146386980387
ODDS	5	Pack03	2	OrbitLotusSeed	7.2067466038885881e-05
ODDS	5	Pack03	2	PrismMonarchSeed	3e-09
ODDS	5	Pack03	3	AmethystSeed	0.17067356593903313
ODDS	5	Pack03	3	PrismOrchidSeed	0.17067356593903313
ODDS	5	Pack03	3	MoonflowerSeed	0.17067356593903313
ODDS	5	Pack03	3	DiamondVineSeed	0.47806027531672529
ODDS	5	Pack03	3	HollowGeodeSeed	0.0096037235296469303
ODDS	5	Pack03	3	OrbitLotusSeed	0.00031518333652845215
ODDS	5	Pack03	3	PrismMonarchSeed	1.2000000000000002e-07
ODDS	5	Pack03	4	AmethystSeed	0.10976046984046989
ODDS	5	Pack03	4	PrismOrchidSeed	0.10976046984046989
ODDS	5	Pack03	4	MoonflowerSeed	0.10976046984046989
ODDS	5	Pack03	4	DiamondVineSeed	0.6404876530803264
ODDS	5	Pack03	4	HollowGeodeSeed	0.028717805539358307
ODDS	5	Pack03	4	OrbitLotusSeed	0.0015071318589057483
ODDS	5	Pack03	4	PrismMonarchSeed	6.0000000000000002e-06
ODDS	5	Pack03	5	AmethystSeed	0.10976046984046989
ODDS	5	Pack03	5	PrismOrchidSeed	0.10976046984046989
ODDS	5	Pack03	5	MoonflowerSeed	0.10976046984046989
ODDS	5	Pack03	5	DiamondVineSeed	0.5773376147332141
ODDS	5	Pack03	5	HollowGeodeSeed	0.085874229141487818
ODDS	5	Pack03	5	OrbitLotusSeed	0.0072067466038885893
ODDS	5	Pack03	5	PrismMonarchSeed	0.00030000000000000003
ODDS	5	Pack04	0	AmethystSeed	0.18821555554888889
ODDS	5	Pack04	0	PrismOrchidSeed	0.18821555554888889
ODDS	5	Pack04	0	MoonflowerSeed	0.18821555554888889
ODDS	5	Pack04	0	DiamondVineSeed	0.43333333333333335
ODDS	5	Pack04	0	HollowGeodeSeed	0.002
ODDS	5	Pack04	0	OrbitLotusSeed	2.0000000000000002e-05
ODDS	5	Pack04	0	PrismMonarchSeed	1.9999999999999996e-11
ODDS	5	Pack04	1	AmethystSeed	0.11703448316376612
ODDS	5	Pack04	1	PrismOrchidSeed	0.11703448316376612
ODDS	5	Pack04	1	MoonflowerSeed	0.11703448316376612
ODDS	5	Pack04	1	DiamondVineSeed	0.64282035776920987
ODDS	5	Pack04	1	HollowGeodeSeed	0.0059805564895127885
ODDS	5	Pack04	1	OrbitLotusSeed	9.5635249979003726e-05
ODDS	5	Pack04	1	PrismMonarchSeed	9.9999999999999986e-10
ODDS	5	Pack04	2	AmethystSeed	0.07528622221955554
ODDS	5	Pack04	2	PrismOrchidSeed	0.07528622221955554
ODDS	5	Pack04	2	MoonflowerSeed	0.07528622221955554
ODDS	5	Pack04	2	DiamondVineSeed	0.76250538299221016
ODDS	5	Pack04	2	HollowGeodeSeed	0.011395715462326796
ODDS	5	Pack04	2	OrbitLotusSeed	0.00024022488679628629
ODDS	5	Pack04	2	PrismMonarchSeed	1e-08
ODDS	5	Pack04	3	AmethystSeed	0.07528622221955554
ODDS	5	Pack04	3	PrismOrchidSeed	0.07528622221955554
ODDS	5	Pack04	3	MoonflowerSeed	0.07528622221955554
ODDS	5	Pack04	3	DiamondVineSeed	0.74107791045408211
ODDS	5	Pack04	3	HollowGeodeSeed	0.032012411765489773
ODDS	5	Pack04	3	OrbitLotusSeed	0.0010506111217615072
ODDS	5	Pack04	3	PrismMonarchSeed	3.9999999999999998e-07
ODDS	5	Pack04	4	AmethystSeed	0.075286222219555568
ODDS	5	Pack04	4	PrismOrchidSeed	0.075286222219555568
ODDS	5	Pack04	4	MoonflowerSeed	0.075286222219555568
ODDS	5	Pack04	4	DiamondVineSeed	0.67337154201378657
ODDS	5	Pack04	4	HollowGeodeSeed	0.095726018464527704
ODDS	5	Pack04	4	OrbitLotusSeed	0.0050237728630191623
ODDS	5	Pack04	4	PrismMonarchSeed	2.0000000000000002e-05
ODDS	5	Pack04	5	AmethystSeed	0.07528622221955554
ODDS	5	Pack04	5	PrismOrchidSeed	0.07528622221955554
ODDS	5	Pack04	5	MoonflowerSeed	0.07528622221955554
ODDS	5	Pack04	5	DiamondVineSeed	0.49911884466170475
ODDS	5	Pack04	5	HollowGeodeSeed	0.25
ODDS	5	Pack04	5	OrbitLotusSeed	0.024022488679628629
ODDS	5	Pack04	5	PrismMonarchSeed	0.001
ODDS	5	Pack05	0	AmethystSeed	0.11464666664666667
ODDS	5	Pack05	0	PrismOrchidSeed	0.11464666664666667
ODDS	5	Pack05	0	MoonflowerSeed	0.11464666664666667
ODDS	5	Pack05	0	DiamondVineSeed	0.65000000000000002
ODDS	5	Pack05	0	HollowGeodeSeed	0.0060000000000000001
ODDS	5	Pack05	0	OrbitLotusSeed	5.9999999999999995e-05
ODDS	5	Pack05	0	PrismMonarchSeed	6e-11
ODDS	5	Pack05	1	AmethystSeed	0.045858666658666669
ODDS	5	Pack05	1	PrismOrchidSeed	0.045858666658666669
ODDS	5	Pack05	1	MoonflowerSeed	0.045858666658666669
ODDS	5	Pack05	1	DiamondVineSeed	0.84419542180552454
ODDS	5	Pack05	1	HollowGeodeSeed	0.017941669468538365
ODDS	5	Pack05	1	OrbitLotusSeed	0.0002869057499370111
ODDS	5	Pack05	1	PrismMonarchSeed	3e-09
ODDS	5	Pack05	2	AmethystSeed	0.045858666658666669
ODDS	5	Pack05	2	PrismOrchidSeed	0.045858666658666669
ODDS	5	Pack05	2	MoonflowerSeed	0.045858666658666669
ODDS	5	Pack05	2	DiamondVineSeed	0.82751614897663073
ODDS	5	Pack05	2	HollowGeodeSeed	0.034187146386980387
ODDS	5	Pack05	2	OrbitLotusSeed	0.00072067466038885876
ODDS	5	Pack05	2	PrismMonarchSeed	2.9999999999999997e-08
ODDS	5	Pack05	3	AmethystSeed	0.045858666658666634
ODDS	5	Pack05	3	PrismOrchidSeed	0.045858666658666634
ODDS	5	Pack05	3	MoonflowerSeed	0.045858666658666634
ODDS	5	Pack05	3	DiamondVineSeed	0.76323373136224615
ODDS	5	Pack05	3	HollowGeodeSeed	0.096037235296469306
ODDS	5	Pack05	3	OrbitLotusSeed	0.0031518333652845211
ODDS	5	Pack05	3	PrismMonarchSeed	1.1999999999999999e-06
ODDS	5	Pack05	4	AmethystSeed	0.045858666658666634
ODDS	5	Pack05	4	PrismOrchidSeed	0.045858666658666634
ODDS	5	Pack05	4	MoonflowerSeed	0.045858666658666634
ODDS	5	Pack05	4	DiamondVineSeed	0.59729268143494263
ODDS	5	Pack05	4	HollowGeodeSeed	0.25
ODDS	5	Pack05	4	OrbitLotusSeed	0.015071318589057484
ODDS	5	Pack05	4	PrismMonarchSeed	6.0000000000000002e-05
ODDS	5	Pack05	5	AmethystSeed	0.045858666658666634
ODDS	5	Pack05	5	PrismOrchidSeed	0.045858666658666634
ODDS	5	Pack05	5	MoonflowerSeed	0.045858666658666634
ODDS	5	Pack05	5	DiamondVineSeed	0.55942400002400006
ODDS	5	Pack05	5	HollowGeodeSeed	0.25
ODDS	5	Pack05	5	OrbitLotusSeed	0.050000000000000003
ODDS	5	Pack05	5	PrismMonarchSeed	0.0030000000000000001
ODDS	5	Pack06	0	DiamondVineSeed	0.97979999979999999
ODDS	5	Pack06	0	HollowGeodeSeed	0.02
ODDS	5	Pack06	0	OrbitLotusSeed	0.00020000000000000001
ODDS	5	Pack06	0	PrismMonarchSeed	2.0000000000000001e-10
ODDS	5	Pack06	1	DiamondVineSeed	0.93923807260508207
ODDS	5	Pack06	1	HollowGeodeSeed	0.059805564895127887
ODDS	5	Pack06	1	OrbitLotusSeed	0.0009563524997900372
ODDS	5	Pack06	1	PrismMonarchSeed	1e-08
ODDS	5	Pack06	2	DiamondVineSeed	0.88364049650876919
ODDS	5	Pack06	2	HollowGeodeSeed	0.11395715462326797
ODDS	5	Pack06	2	OrbitLotusSeed	0.0024022488679628627
ODDS	5	Pack06	2	PrismMonarchSeed	1.0000000000000001e-07
ODDS	5	Pack06	3	DiamondVineSeed	0.73948988878238486
ODDS	5	Pack06	3	HollowGeodeSeed	0.25
ODDS	5	Pack06	3	OrbitLotusSeed	0.010506111217615072
ODDS	5	Pack06	3	PrismMonarchSeed	3.9999999999999998e-06
ODDS	5	Pack06	4	DiamondVineSeed	0.69980000000000009
ODDS	5	Pack06	4	HollowGeodeSeed	0.25
ODDS	5	Pack06	4	OrbitLotusSeed	0.050000000000000003
ODDS	5	Pack06	4	PrismMonarchSeed	0.00020000000000000001
ODDS	5	Pack06	5	DiamondVineSeed	0.68999999999999995
ODDS	5	Pack06	5	HollowGeodeSeed	0.25
ODDS	5	Pack06	5	OrbitLotusSeed	0.050000000000000003
ODDS	5	Pack06	5	PrismMonarchSeed	0.01
ODDS	7	Pack01	0	SparkReedSeed	0.48078283333283328
ODDS	7	Pack01	0	ThunderTulipSeed	0.48078283333283328
ODDS	7	Pack01	0	VoltOrchidSeed	0.033333333333333333
ODDS	7	Pack01	0	TempestLotusSeed	0.0050000000000000001
ODDS	7	Pack01	0	BlackoutBloomSeed	0.0001
ODDS	7	Pack01	0	PulsarStarfruitSeed	9.9999999999999998e-13
ODDS	7	Pack01	0	StormSovereignSeed	9.9999999999999995e-07
ODDS	7	Pack01	1	SparkReedSeed	0.47238200833732014
ODDS	7	Pack01	1	ThunderTulipSeed	0.47238200833732014
ODDS	7	Pack01	1	VoltOrchidSeed	0.04558231159984924
ODDS	7	Pack01	1	TempestLotusSeed	0.0093498620885358753
ODDS	7	Pack01	1	BlackoutBloomSeed	0.00029902782447563945
ODDS	7	Pack01	1	PulsarStarfruitSeed	5.0000000000000002e-11
ODDS	7	Pack01	1	StormSovereignSeed	4.7817624989501853e-06
ODDS	7	Pack01	2	SparkReedSeed	0.46555077394231853
ODDS	7	Pack01	2	ThunderTulipSeed	0.46555077394231853
ODDS	7	Pack01	2	VoltOrchidSeed	0.054801992084147481
ODDS	7	Pack01	2	TempestLotusSeed	0.013514662513759334
ODDS	7	Pack01	2	BlackoutBloomSeed	0.00056978577311633989
ODDS	7	Pack01	2	PulsarStarfruitSeed	5.0000000000000003e-10
ODDS	7	Pack01	2	StormSovereignSeed	1.2011244339814314e-05
ODDS	7	Pack01	3	SparkReedSeed	0.4501735145981845
ODDS	7	Pack01	3	ThunderTulipSeed	0.4501735145981845
ODDS	7	Pack01	3	VoltOrchidSeed	0.073614123412927016
ODDS	7	Pack01	3	TempestLotusSeed	0.024385676246341418
ODDS	7	Pack01	3	BlackoutBloomSeed	0.0016006205882744887
ODDS	7	Pack01	3	PulsarStarfruitSeed	2e-08
ODDS	7	Pack01	3	StormSovereignSeed	5.2530556088075354e-05
ODDS	7	Pack01	4	SparkReedSeed	0.42434795555954663
ODDS	7	Pack01	4	ThunderTulipSeed	0.42434795555954663
ODDS	7	Pack01	4	VoltOrchidSeed	0.10066505734673387
ODDS	7	Pack01	4	TempestLotusSeed	0.045600541967795491
ODDS	7	Pack01	4	BlackoutBloomSeed	0.0047863009232263854
ODDS	7	Pack01	4	PulsarStarfruitSeed	9.9999999999999995e-07
ODDS	7	Pack01	4	StormSovereignSeed	0.00025118864315095806
ODDS	7	Pack01	5	SparkReedSeed	0.38075418399714794
ODDS	7	Pack01	5	ThunderTulipSeed	0.38075418399714794
ODDS	7	Pack01	5	VoltOrchidSeed	0.13765638033586547
ODDS	7	Pack01	5	TempestLotusSeed	0.085271755712276034
ODDS	7	Pack01	5	BlackoutBloomSeed	0.014312371523581306
ODDS	7	Pack01	5	PulsarStarfruitSeed	4.9999999999999996e-05
ODDS	7	Pack01	5	StormSovereignSeed	0.0012011244339814315
ODDS	7	Pack02	0	SparkReedSeed	0.46029041666541665
ODDS	7	Pack02	0	ThunderTulipSeed	0.46029041666541665
ODDS	7	Pack02	0	VoltOrchidSeed	0.066666666666666666
ODDS	7	Pack02	0	TempestLotusSeed	0.012500000000000001
ODDS	7	Pack02	0	BlackoutBloomSeed	0.00025000000000000001
ODDS	7	Pack02	0	PulsarStarfruitSeed	2.4999999999999994e-12
ODDS	7	Pack02	0	StormSovereignSeed	2.5000000000000002e-06
ODDS	7	Pack02	1	SparkReedSeed	0.44235059874326266
ODDS	7	Pack02	1	ThunderTulipSeed	0.44235059874326266
ODDS	7	Pack02	1	VoltOrchidSeed	0.09116462319969848
ODDS	7	Pack02	1	TempestLotusSeed	0.023374655221339687
ODDS	7	Pack02	1	BlackoutBloomSeed	0.00074756956118909857
ODDS	7	Pack02	1	PulsarStarfruitSeed	1.2499999999999998e-10
ODDS	7	Pack02	1	StormSovereignSeed	1.1954406247375466e-05
ODDS	7	Pack02	2	SparkReedSeed	0.42757743287683314
ODDS	7	Pack02	2	ThunderTulipSeed	0.42757743287683314
ODDS	7	Pack02	2	VoltOrchidSeed	0.10960398416829496
ODDS	7	Pack02	2	TempestLotusSeed	0.033786656284398336
ODDS	7	Pack02	2	BlackoutBloomSeed	0.0014244644327908495
ODDS	7	Pack02	2	PulsarStarfruitSeed	1.25e-09
ODDS	7	Pack02	2	StormSovereignSeed	3.0028110849535786e-05
ODDS	7	Pack02	3	SparkReedSeed	0.39383731734869298
ODDS	7	Pack02	3	ThunderTulipSeed	0.39383731734869298
ODDS	7	Pack02	3	VoltOrchidSeed	0.14722824682585403
ODDS	7	Pack02	3	TempestLotusSeed	0.060964190615853543
ODDS	7	Pack02	3	BlackoutBloomSeed	0.0040015514706862217
ODDS	7	Pack02	3	PulsarStarfruitSeed	4.9999999999999998e-08
ODDS	7	Pack02	3	StormSovereignSeed	0.00013132639022018841
ODDS	7	Pack02	4	SparkReedSeed	0.33603615323555014
ODDS	7	Pack02	4	ThunderTulipSeed	0.33603615323555014
ODDS	7	Pack02	4	VoltOrchidSeed	0.20133011469346773
ODDS	7	Pack02	4	TempestLotusSeed	0.11400135491948873
ODDS	7	Pack02	4	BlackoutBloomSeed	0.011965752308065963
ODDS	7	Pack02	4	PulsarStarfruitSeed	2.5000000000000002e-06
ODDS	7	Pack02	4	StormSovereignSeed	0.00062797160787739529
ODDS	7	Pack02	5	SparkReedSeed	0.23629955507683603
ODDS	7	Pack02	5	ThunderTulipSeed	0.23629955507683603
ODDS	7	Pack02	5	VoltOrchidSeed	0.27531276067173094
ODDS	7	Pack02	5	TempestLotusSeed	0.21317938928069011
ODDS	7	Pack02	5	BlackoutBloomSeed	0.035780928808953262
ODDS	7	Pack02	5	PulsarStarfruitSeed	0.000125
ODDS	7	Pack02	5	StormSovereignSeed	0.0030028110849535787
ODDS	7	Pack03	0	SparkReedSeed	0.4116017619017619
ODDS	7	Pack03	0	ThunderTulipSeed	0.4116017619017619
ODDS	7	Pack03	0	VoltOrchidSeed	0.14285714285714285
ODDS	7	Pack03	0	TempestLotusSeed	0.033333333333333333
ODDS	7	Pack03	0	BlackoutBloomSeed	0.00059999999999999995
ODDS	7	Pack03	0	PulsarStarfruitSeed	6.0000000000000003e-12
ODDS	7	Pack03	0	StormSovereignSeed	6.0000000000000002e-06
ODDS	7	Pack03	1	SparkReedSeed	0.37024598212761306
ODDS	7	Pack03	1	ThunderTulipSeed	0.37024598212761306
ODDS	7	Pack03	1	VoltOrchidSeed	0.19535276399935386
ODDS	7	Pack03	1	TempestLotusSeed	0.062332413923572499
ODDS	7	Pack03	1	BlackoutBloomSeed	0.0017941669468538365
ODDS	7	Pack03	1	PulsarStarfruitSeed	3e-10
ODDS	7	Pack03	1	StormSovereignSeed	2.8690574993701115e-05
ODDS	7	Pack03	2	SparkReedSeed	0.33577289222145107
ODDS	7	Pack03	2	ThunderTulipSeed	0.33577289222145107
ODDS	7	Pack03	2	VoltOrchidSeed	0.23486568036063205
ODDS	7	Pack03	2	TempestLotusSeed	0.090097750091728893
ODDS	7	Pack03	2	BlackoutBloomSeed	0.0034187146386980387
ODDS	7	Pack03	2	PulsarStarfruitSeed	3e-09
ODDS	7	Pack03	2	StormSovereignSeed	7.2067466038885881e-05
ODDS	7	Pack03	3	SparkReedSeed	0.25601034890854968
ODDS	7	Pack03	3	ThunderTulipSeed	0.25601034890854968
ODDS	7	Pack03	3	VoltOrchidSeed	0.31548910034111577
ODDS	7	Pack03	3	TempestLotusSeed	0.16257117497560944
ODDS	7	Pack03	3	BlackoutBloomSeed	0.0096037235296469303
ODDS	7	Pack03	3	PulsarStarfruitSeed	1.2000000000000002e-07
ODDS	7	Pack03	3	StormSovereignSeed	0.00031518333652845215
ODDS	7	Pack03	4	SparkReedSeed	0.16464070476070475
ODDS	7	Pack03	4	ThunderTulipSeed	0.16464070476070475
ODDS	7	Pack03	4	VoltOrchidSeed	0.33648403996168985
ODDS	7	Pack03	4	TempestLotusSeed	0.30400361311863661
ODDS	7	Pack03	4	BlackoutBloomSeed	0.028717805539358307
ODDS	7	Pack03	4	PulsarStarfruitSeed	6.0000000000000002e-06
ODDS	7	Pack03	4	StormSovereignSeed	0.0015071318589057483
ODDS	7	Pack03	5	SparkReedSeed	0.16464070476070483
ODDS	7	Pack03	5	ThunderTulipSeed	0.16464070476070483
ODDS	7	Pack03	5	VoltOrchidSeed	0.12733761473321414
ODDS	7	Pack03	5	TempestLotusSeed	0.45000000000000001
ODDS	7	Pack03	5	BlackoutBloomSeed	0.085874229141487818
ODDS	7	Pack03	5	PulsarStarfruitSeed	0.00030000000000000003
ODDS	7	Pack03	5	StormSovereignSeed	0.0072067466038885893
ODDS	7	Pack04	0	SparkReedSeed	0.28232333332333331
ODDS	7	Pack04	0	ThunderTulipSeed	0.28232333332333331
ODDS	7	Pack04	0	VoltOrchidSeed	0.33333333333333326
ODDS	7	Pack04	0	TempestLotusSeed	0.10000000000000001
ODDS	7	Pack04	0	BlackoutBloomSeed	0.002
ODDS	7	Pack04	0	PulsarStarfruitSeed	1.9999999999999996e-11
ODDS	7	Pack04	0	StormSovereignSeed	2.0000000000000002e-05
ODDS	7	Pack04	1	SparkReedSeed	0.17555172474564917
ODDS	7	Pack04	1	ThunderTulipSeed	0.17555172474564917
ODDS	7	Pack04	1	VoltOrchidSeed	0.45582311599849235
ODDS	7	Pack04	1	TempestLotusSeed	0.1869972417707175
ODDS	7	Pack04	1	BlackoutBloomSeed	0.0059805564895127885
ODDS	7	Pack04	1	PulsarStarfruitSeed	9.9999999999999986e-10
ODDS	7	Pack04	1	StormSovereignSeed	9.5635249979003726e-05
ODDS	7	Pack04	2	SparkReedSeed	0.1129293333293333
ODDS	7	Pack04	2	ThunderTulipSeed	0.1129293333293333
ODDS	7	Pack04	2	VoltOrchidSeed	0.49221213271702363
ODDS	7	Pack04	2	TempestLotusSeed	0.27029325027518669
ODDS	7	Pack04	2	BlackoutBloomSeed	0.011395715462326796
ODDS	7	Pack04	2	PulsarStarfruitSeed	1e-08
ODDS	7	Pack04	2	StormSovereignSeed	0.00024022488679628629
ODDS	7	Pack04	3	SparkReedSeed	0.1129293333293333
ODDS	7	Pack04	3	ThunderTulipSeed	0.1129293333293333
ODDS	7	Pack04	3	VoltOrchidSeed	0.29107791045408216
ODDS	7	Pack04	3	TempestLotusSeed	0.45000000000000001
ODDS	7	Pack04	3	BlackoutBloomSeed	0.032012411765489773
ODDS	7	Pack04	3	PulsarStarfruitSeed	3.9999999999999998e-07
ODDS	7	Pack04	3	StormSovereignSeed	0.0010506111217615072
ODDS	7	Pack04	4	SparkReedSeed	0.11292933332933336
ODDS	7	Pack04	4	ThunderTulipSeed	0.11292933332933336
ODDS	7	Pack04	4	VoltOrchidSeed	0.22337154201378653
ODDS	7	Pack04	4	TempestLotusSeed	0.45000000000000001
ODDS	7	Pack04	4	BlackoutBloomSeed	0.095726018464527704
ODDS	7	Pack04	4	PulsarStarfruitSeed	2.0000000000000002e-05
ODDS	7	Pack04	4	StormSovereignSeed	0.0050237728630191623
ODDS	7	Pack04	5	SparkReedSeed	0.1129293333293333
ODDS	7	Pack04	5	ThunderTulipSeed	0.1129293333293333
ODDS	7	Pack04	5	VoltOrchidSeed	0.16666666666666663
ODDS	7	Pack04	5	TempestLotusSeed	0.33245217799503818
ODDS	7	Pack04	5	BlackoutBloomSeed	0.25
ODDS	7	Pack04	5	PulsarStarfruitSeed	0.001
ODDS	7	Pack04	5	StormSovereignSeed	0.024022488679628629
ODDS	7	Pack05	0	SparkReedSeed	0.17196999997000004
ODDS	7	Pack05	0	ThunderTulipSeed	0.17196999997000004
ODDS	7	Pack05	0	VoltOrchidSeed	0.40000000000000002
ODDS	7	Pack05	0	TempestLotusSeed	0.25
ODDS	7	Pack05	0	BlackoutBloomSeed	0.0060000000000000001
ODDS	7	Pack05	0	PulsarStarfruitSeed	6e-11
ODDS	7	Pack05	0	StormSovereignSeed	5.9999999999999995e-05
ODDS	7	Pack05	1	SparkReedSeed	0.068787999988000004
ODDS	7	Pack05	1	ThunderTulipSeed	0.068787999988000004
ODDS	7	Pack05	1	VoltOrchidSeed	0.39419542180552453
ODDS	7	Pack05	1	TempestLotusSeed	0.45000000000000001
ODDS	7	Pack05	1	BlackoutBloomSeed	0.017941669468538365
ODDS	7	Pack05	1	PulsarStarfruitSeed	3e-09
ODDS	7	Pack05	1	StormSovereignSeed	0.0002869057499370111
ODDS	7	Pack05	2	SparkReedSeed	0.068787999988000004
ODDS	7	Pack05	2	ThunderTulipSeed	0.068787999988000004
ODDS	7	Pack05	2	VoltOrchidSeed	0.37751614897663077
ODDS	7	Pack05	2	TempestLotusSeed	0.45000000000000001
ODDS	7	Pack05	2	BlackoutBloomSeed	0.034187146386980387
ODDS	7	Pack05	2	PulsarStarfruitSeed	2.9999999999999997e-08
ODDS	7	Pack05	2	StormSovereignSeed	0.00072067466038885876
ODDS	7	Pack05	3	SparkReedSeed	0.068787999987999948
ODDS	7	Pack05	3	ThunderTulipSeed	0.068787999987999948
ODDS	7	Pack05	3	VoltOrchidSeed	0.31323373136224619
ODDS	7	Pack05	3	TempestLotusSeed	0.45000000000000001
ODDS	7	Pack05	3	BlackoutBloomSeed	0.096037235296469306
ODDS	7	Pack05	3	PulsarStarfruitSeed	1.1999999999999999e-06
ODDS	7	Pack05	3	StormSovereignSeed	0.0031518333652845211
ODDS	7	Pack05	4	SparkReedSeed	0.068787999987999948
ODDS	7	Pack05	4	ThunderTulipSeed	0.068787999987999948
ODDS	7	Pack05	4	VoltOrchidSeed	0.20000000000000001
ODDS	7	Pack05	4	TempestLotusSeed	0.39729268143494267
ODDS	7	Pack05	4	BlackoutBloomSeed	0.25
ODDS	7	Pack05	4	PulsarStarfruitSeed	6.0000000000000002e-05
ODDS	7	Pack05	4	StormSovereignSeed	0.015071318589057484
ODDS	7	Pack05	5	SparkReedSeed	0.068787999987999948
ODDS	7	Pack05	5	ThunderTulipSeed	0.068787999987999948
ODDS	7	Pack05	5	VoltOrchidSeed	0.20000000000000001
ODDS	7	Pack05	5	TempestLotusSeed	0.35942400002400005
ODDS	7	Pack05	5	BlackoutBloomSeed	0.25
ODDS	7	Pack05	5	PulsarStarfruitSeed	0.0030000000000000001
ODDS	7	Pack05	5	StormSovereignSeed	0.050000000000000003
ODDS	7	Pack06	0	VoltOrchidSeed	0.57979999979999997
ODDS	7	Pack06	0	TempestLotusSeed	0.40000000000000002
ODDS	7	Pack06	0	BlackoutBloomSeed	0.02
ODDS	7	Pack06	0	PulsarStarfruitSeed	2.0000000000000001e-10
ODDS	7	Pack06	0	StormSovereignSeed	0.00020000000000000001
ODDS	7	Pack06	1	VoltOrchidSeed	0.48923807260508212
ODDS	7	Pack06	1	TempestLotusSeed	0.45000000000000001
ODDS	7	Pack06	1	BlackoutBloomSeed	0.059805564895127887
ODDS	7	Pack06	1	PulsarStarfruitSeed	1e-08
ODDS	7	Pack06	1	StormSovereignSeed	0.0009563524997900372
ODDS	7	Pack06	2	VoltOrchidSeed	0.43364049650876912
ODDS	7	Pack06	2	TempestLotusSeed	0.45000000000000001
ODDS	7	Pack06	2	BlackoutBloomSeed	0.11395715462326797
ODDS	7	Pack06	2	PulsarStarfruitSeed	1.0000000000000001e-07
ODDS	7	Pack06	2	StormSovereignSeed	0.0024022488679628627
ODDS	7	Pack06	3	VoltOrchidSeed	0.28948988878238491
ODDS	7	Pack06	3	TempestLotusSeed	0.45000000000000001
ODDS	7	Pack06	3	BlackoutBloomSeed	0.25
ODDS	7	Pack06	3	PulsarStarfruitSeed	3.9999999999999998e-06
ODDS	7	Pack06	3	StormSovereignSeed	0.010506111217615072
ODDS	7	Pack06	4	VoltOrchidSeed	0.24980000000000005
ODDS	7	Pack06	4	TempestLotusSeed	0.45000000000000001
ODDS	7	Pack06	4	BlackoutBloomSeed	0.25
ODDS	7	Pack06	4	PulsarStarfruitSeed	0.00020000000000000001
ODDS	7	Pack06	4	StormSovereignSeed	0.050000000000000003
ODDS	7	Pack06	5	VoltOrchidSeed	0.23999999999999999
ODDS	7	Pack06	5	TempestLotusSeed	0.45000000000000001
ODDS	7	Pack06	5	BlackoutBloomSeed	0.25
ODDS	7	Pack06	5	PulsarStarfruitSeed	0.01
ODDS	7	Pack06	5	StormSovereignSeed	0.050000000000000003
MULT	repeat	1.0179849999999999	1.0192125000000001
MULT	whole	1.0607475	1.0604750000000001
MULT	single	1.017685	1.0172874999999999
