#POOL	stage	seedId	name	rarity
POOL	1	SunflowerSeed	Watermelon Seed	Common
POOL	1	BluebellSeed	Blueberry Seed	Uncommon
POOL	1	AppleSeed	Apple Seed	Rare
POOL	1	MooncapSeed	Mooncap Seed	Rare
POOL	1	SunflowerBloomSeed	Sunflower Seed	Legendary
POOL	1	ElderbloomSeed	Elderbloom Seed	Mythic
POOL	6	CocoaSeed	Cocoa Seed	Common
POOL	6	PineappleSeed	Pineapple Seed	Uncommon
POOL	6	VenomVineSeed	Venom Vine Seed	Rare
POOL	6	LanternFernSeed	Lantern Fern Seed	Rare
POOL	6	TigerOrchidSeed	Tiger Orchid Seed	Legendary
POOL	6	AncientWorldrootSeed	Ancient Worldroot Seed	Mythic
POOL	2	CactusSeed	Prickly Pear Seed	Uncommon
POOL	2	DatePalmSeed	Dune Lotus Seed	Mythic
POOL	2	MirageFigSeed	Mirage Fig Seed	Cosmic
POOL	2	SolarStarfruitSeed	Solar Starfruit Seed	King
POOL	2	StarfruitSeed	Dune Starfruit Seed	Secret
POOL	3	SnowdropSeed	Snow Melon Seed	Uncommon
POOL	3	IceberrySeed	Iceberry Seed	Rare
POOL	3	WinterPineSeed	Aurora Lily Seed	Legendary
POOL	3	CrystalLilySeed	Glacier Lotus Seed	Mythic
POOL	3	SilentFrostbellSeed	Silent Frostbell Seed	Secret
POOL	3	PolarStarbloomSeed	Polar Starbloom Seed	Cosmic
POOL	3	WinterCrownwoodSeed	Winter Crownwood Seed	King
POOL	4	FirePepperSeed	Fire Pepper Seed	Rare
POOL	4	EmberBloomSeed	Ember Pumpkin Seed	Rare
POOL	4	AshRoseSeed	Ash Tomato Seed	Rare
POOL	4	LavaLotusSeed	Lava Lotus Seed	Legendary
POOL	4	ObsidianMawSeed	Obsidian Maw Seed	Secret
POOL	4	SupernovaBloomSeed	Boom Bloom Seed	Cosmic
POOL	4	EmberEmperorSeed	Ember Emperor Seed	King
POOL	5	AmethystSeed	Amethyst Grape Seed	Rare
POOL	5	PrismOrchidSeed	Prism Pepper Seed	Rare
POOL	5	MoonflowerSeed	Moon Melon Seed	Rare
POOL	5	DiamondVineSeed	Diamond Vine Seed	Mythic
POOL	5	HollowGeodeSeed	Hollow Geode Seed	Secret
POOL	5	OrbitLotusSeed	Orbit Lotus Seed	Cosmic
POOL	5	PrismMonarchSeed	Prism Monarch Seed	King
POOL	7	SparkReedSeed	Spark Reed Seed	Rare
POOL	7	ThunderTulipSeed	Thunder Tulip Seed	Rare
POOL	7	VoltOrchidSeed	Volt Orchid Seed	Legendary
POOL	7	TempestLotusSeed	Tempest Lotus Seed	Mythic
POOL	7	BlackoutBloomSeed	Blackout Bloom Seed	Secret
POOL	7	PulsarStarfruitSeed	Pulsar Starfruit Seed	King
POOL	7	StormSovereignSeed	Storm Sovereign Seed	Cosmic
#SPAWN	38,25,15,7,10,5
#BOOT	1.15,1.3,1.5,1.75,2	costs	750000,64100000,5480000000,468000000000,40000000000000
#ODDS	stage	pack	luck	seedId	rarity	percent
ODDS	1	Pack01	1	SunflowerSeed	Common	55
ODDS	1	Pack01	1	BluebellSeed	Uncommon	26
ODDS	1	Pack01	1	AppleSeed	Rare	6.5
ODDS	1	Pack01	1	MooncapSeed	Rare	6.5
ODDS	1	Pack01	1	SunflowerBloomSeed	Legendary	4
ODDS	1	Pack01	1	ElderbloomSeed	Mythic	2
ODDS	1	Pack01	1.15	SunflowerSeed	Common	54.75360876
ODDS	1	Pack01	1.15	BluebellSeed	Uncommon	25.88352414
ODDS	1	Pack01	1.15	AppleSeed	Rare	6.470881035
ODDS	1	Pack01	1.15	MooncapSeed	Rare	6.470881035
ODDS	1	Pack01	1.15	SunflowerBloomSeed	Legendary	4.280736685
ODDS	1	Pack01	1.15	ElderbloomSeed	Mythic	2.140368342
ODDS	1	Pack01	1.3	SunflowerSeed	Common	54.50941526
ODDS	1	Pack01	1.3	BluebellSeed	Uncommon	25.76808722
ODDS	1	Pack01	1.3	AppleSeed	Rare	6.442021804
ODDS	1	Pack01	1.3	MooncapSeed	Rare	6.442021804
ODDS	1	Pack01	1.3	SunflowerBloomSeed	Legendary	4.558969277
ODDS	1	Pack01	1.3	ElderbloomSeed	Mythic	2.279484638
ODDS	1	Pack01	1.5	SunflowerSeed	Common	54.18719212
ODDS	1	Pack01	1.5	BluebellSeed	Uncommon	25.61576355
ODDS	1	Pack01	1.5	AppleSeed	Rare	6.403940887
ODDS	1	Pack01	1.5	MooncapSeed	Rare	6.403940887
ODDS	1	Pack01	1.5	SunflowerBloomSeed	Legendary	4.926108374
ODDS	1	Pack01	1.5	ElderbloomSeed	Mythic	2.463054187
ODDS	1	Pack01	1.75	SunflowerSeed	Common	53.78973105
ODDS	1	Pack01	1.75	BluebellSeed	Uncommon	25.42787286
ODDS	1	Pack01	1.75	AppleSeed	Rare	6.356968215
ODDS	1	Pack01	1.75	MooncapSeed	Rare	6.356968215
ODDS	1	Pack01	1.75	SunflowerBloomSeed	Legendary	5.378973105
ODDS	1	Pack01	1.75	ElderbloomSeed	Mythic	2.689486553
ODDS	1	Pack01	2	SunflowerSeed	Common	53.39805825
ODDS	1	Pack01	2	BluebellSeed	Uncommon	25.24271845
ODDS	1	Pack01	2	AppleSeed	Rare	6.310679612
ODDS	1	Pack01	2	MooncapSeed	Rare	6.310679612
ODDS	1	Pack01	2	SunflowerBloomSeed	Legendary	5.825242718
ODDS	1	Pack01	2	ElderbloomSeed	Mythic	2.912621359
ODDS	1	Pack01	3.5	SunflowerSeed	Common	51.1627907
ODDS	1	Pack01	3.5	BluebellSeed	Uncommon	24.18604651
ODDS	1	Pack01	3.5	AppleSeed	Rare	6.046511628
ODDS	1	Pack01	3.5	MooncapSeed	Rare	6.046511628
ODDS	1	Pack01	3.5	SunflowerBloomSeed	Legendary	8.372093023
ODDS	1	Pack01	3.5	ElderbloomSeed	Mythic	4.186046512
ODDS	1	Pack02	1	SunflowerSeed	Common	25
ODDS	1	Pack02	1	BluebellSeed	Uncommon	38
ODDS	1	Pack02	1	AppleSeed	Rare	12.5
ODDS	1	Pack02	1	MooncapSeed	Rare	12.5
ODDS	1	Pack02	1	SunflowerBloomSeed	Legendary	8
ODDS	1	Pack02	1	ElderbloomSeed	Mythic	4
ODDS	1	Pack02	1.15	SunflowerSeed	Common	24.77700694
ODDS	1	Pack02	1.15	BluebellSeed	Uncommon	37.66105055
ODDS	1	Pack02	1.15	AppleSeed	Rare	12.38850347
ODDS	1	Pack02	1.15	MooncapSeed	Rare	12.38850347
ODDS	1	Pack02	1.15	SunflowerBloomSeed	Legendary	8.523290387
ODDS	1	Pack02	1.15	ElderbloomSeed	Mythic	4.261645193
ODDS	1	Pack02	1.3	SunflowerSeed	Common	24.55795678
ODDS	1	Pack02	1.3	BluebellSeed	Uncommon	37.3280943
ODDS	1	Pack02	1.3	AppleSeed	Rare	12.27897839
ODDS	1	Pack02	1.3	MooncapSeed	Rare	12.27897839
ODDS	1	Pack02	1.3	SunflowerBloomSeed	Legendary	9.037328094
ODDS	1	Pack02	1.3	ElderbloomSeed	Mythic	4.518664047
ODDS	1	Pack02	1.5	SunflowerSeed	Common	24.27184466
ODDS	1	Pack02	1.5	BluebellSeed	Uncommon	36.89320388
ODDS	1	Pack02	1.5	AppleSeed	Rare	12.13592233
ODDS	1	Pack02	1.5	MooncapSeed	Rare	12.13592233
ODDS	1	Pack02	1.5	SunflowerBloomSeed	Legendary	9.708737864
ODDS	1	Pack02	1.5	ElderbloomSeed	Mythic	4.854368932
ODDS	1	Pack02	1.75	SunflowerSeed	Common	23.92344498
ODDS	1	Pack02	1.75	BluebellSeed	Uncommon	36.36363636
ODDS	1	Pack02	1.75	AppleSeed	Rare	11.96172249
ODDS	1	Pack02	1.75	MooncapSeed	Rare	11.96172249
ODDS	1	Pack02	1.75	SunflowerBloomSeed	Legendary	10.52631579
ODDS	1	Pack02	1.75	ElderbloomSeed	Mythic	5.263157895
ODDS	1	Pack02	2	SunflowerSeed	Common	23.58490566
ODDS	1	Pack02	2	BluebellSeed	Uncommon	35.8490566
ODDS	1	Pack02	2	AppleSeed	Rare	11.79245283
ODDS	1	Pack02	2	MooncapSeed	Rare	11.79245283
ODDS	1	Pack02	2	SunflowerBloomSeed	Legendary	11.32075472
ODDS	1	Pack02	2	ElderbloomSeed	Mythic	5.660377358
ODDS	1	Pack02	3.5	SunflowerSeed	Common	21.73913043
ODDS	1	Pack02	3.5	BluebellSeed	Uncommon	33.04347826
ODDS	1	Pack02	3.5	AppleSeed	Rare	10.86956522
ODDS	1	Pack02	3.5	MooncapSeed	Rare	10.86956522
ODDS	1	Pack02	3.5	SunflowerBloomSeed	Legendary	15.65217391
ODDS	1	Pack02	3.5	ElderbloomSeed	Mythic	7.826086957
ODDS	1	Pack03	1	SunflowerSeed	Common	0
ODDS	1	Pack03	1	BluebellSeed	Uncommon	25
ODDS	1	Pack03	1	AppleSeed	Rare	24
ODDS	1	Pack03	1	MooncapSeed	Rare	24
ODDS	1	Pack03	1	SunflowerBloomSeed	Legendary	18
ODDS	1	Pack03	1	ElderbloomSeed	Mythic	9
ODDS	1	Pack03	1.15	SunflowerSeed	Common	0
ODDS	1	Pack03	1.15	BluebellSeed	Uncommon	24.50379809
ODDS	1	Pack03	1.15	AppleSeed	Rare	23.52364617
ODDS	1	Pack03	1.15	MooncapSeed	Rare	23.52364617
ODDS	1	Pack03	1.15	SunflowerBloomSeed	Legendary	18.96593972
ODDS	1	Pack03	1.15	ElderbloomSeed	Mythic	9.48296986
ODDS	1	Pack03	1.3	SunflowerSeed	Common	0
ODDS	1	Pack03	1.3	BluebellSeed	Uncommon	24.02691014
ODDS	1	Pack03	1.3	AppleSeed	Rare	23.06583373
ODDS	1	Pack03	1.3	MooncapSeed	Rare	23.06583373
ODDS	1	Pack03	1.3	SunflowerBloomSeed	Legendary	19.8942816
ODDS	1	Pack03	1.3	ElderbloomSeed	Mythic	9.947140798
ODDS	1	Pack03	1.5	SunflowerSeed	Common	0
ODDS	1	Pack03	1.5	BluebellSeed	Uncommon	23.41920375
ODDS	1	Pack03	1.5	AppleSeed	Rare	22.4824356
ODDS	1	Pack03	1.5	MooncapSeed	Rare	22.4824356
ODDS	1	Pack03	1.5	SunflowerBloomSeed	Legendary	21.07728337
ODDS	1	Pack03	1.5	ElderbloomSeed	Mythic	10.53864169
ODDS	1	Pack03	1.75	SunflowerSeed	Common	0
ODDS	1	Pack03	1.75	BluebellSeed	Uncommon	22.7014756
ODDS	1	Pack03	1.75	AppleSeed	Rare	21.79341657
ODDS	1	Pack03	1.75	MooncapSeed	Rare	21.79341657
ODDS	1	Pack03	1.75	SunflowerBloomSeed	Legendary	22.47446084
ODDS	1	Pack03	1.75	ElderbloomSeed	Mythic	11.23723042
ODDS	1	Pack03	2	SunflowerSeed	Common	0
ODDS	1	Pack03	2	BluebellSeed	Uncommon	22.02643172
ODDS	1	Pack03	2	AppleSeed	Rare	21.14537445
ODDS	1	Pack03	2	MooncapSeed	Rare	21.14537445
ODDS	1	Pack03	2	SunflowerBloomSeed	Legendary	23.78854626
ODDS	1	Pack03	2	ElderbloomSeed	Mythic	11.89427313
ODDS	1	Pack03	3.5	SunflowerSeed	Common	0
ODDS	1	Pack03	3.5	BluebellSeed	Uncommon	18.69158879
ODDS	1	Pack03	3.5	AppleSeed	Rare	17.94392523
ODDS	1	Pack03	3.5	MooncapSeed	Rare	17.94392523
ODDS	1	Pack03	3.5	SunflowerBloomSeed	Legendary	30.28037383
ODDS	1	Pack03	3.5	ElderbloomSeed	Mythic	15.14018692
ODDS	1	Pack04	1	SunflowerSeed	Common	0
ODDS	1	Pack04	1	BluebellSeed	Uncommon	0
ODDS	1	Pack04	1	AppleSeed	Rare	22.5
ODDS	1	Pack04	1	MooncapSeed	Rare	22.5
ODDS	1	Pack04	1	SunflowerBloomSeed	Legendary	32
ODDS	1	Pack04	1	ElderbloomSeed	Mythic	23
ODDS	1	Pack04	1.15	SunflowerSeed	Common	0
ODDS	1	Pack04	1.15	BluebellSeed	Uncommon	0
ODDS	1	Pack04	1.15	AppleSeed	Rare	21.60864346
ODDS	1	Pack04	1.15	MooncapSeed	Rare	21.60864346
ODDS	1	Pack04	1.15	SunflowerBloomSeed	Legendary	33.03721489
ODDS	1	Pack04	1.15	ElderbloomSeed	Mythic	23.7454982
ODDS	1	Pack04	1.3	SunflowerSeed	Common	0
ODDS	1	Pack04	1.3	BluebellSeed	Uncommon	0
ODDS	1	Pack04	1.3	AppleSeed	Rare	20.7852194
ODDS	1	Pack04	1.3	MooncapSeed	Rare	20.7852194
ODDS	1	Pack04	1.3	SunflowerBloomSeed	Legendary	33.99538106
ODDS	1	Pack04	1.3	ElderbloomSeed	Mythic	24.43418014
ODDS	1	Pack04	1.5	SunflowerSeed	Common	0
ODDS	1	Pack04	1.5	BluebellSeed	Uncommon	0
ODDS	1	Pack04	1.5	AppleSeed	Rare	19.78021978
ODDS	1	Pack04	1.5	MooncapSeed	Rare	19.78021978
ODDS	1	Pack04	1.5	SunflowerBloomSeed	Legendary	35.16483516
ODDS	1	Pack04	1.5	ElderbloomSeed	Mythic	25.27472527
ODDS	1	Pack04	1.75	SunflowerSeed	Common	0
ODDS	1	Pack04	1.75	BluebellSeed	Uncommon	0
ODDS	1	Pack04	1.75	AppleSeed	Rare	18.65284974
ODDS	1	Pack04	1.75	MooncapSeed	Rare	18.65284974
ODDS	1	Pack04	1.75	SunflowerBloomSeed	Legendary	36.47668394
ODDS	1	Pack04	1.75	ElderbloomSeed	Mythic	26.21761658
ODDS	1	Pack04	2	SunflowerSeed	Common	0
ODDS	1	Pack04	2	BluebellSeed	Uncommon	0
ODDS	1	Pack04	2	AppleSeed	Rare	17.64705882
ODDS	1	Pack04	2	MooncapSeed	Rare	17.64705882
ODDS	1	Pack04	2	SunflowerBloomSeed	Legendary	37.64705882
ODDS	1	Pack04	2	ElderbloomSeed	Mythic	27.05882353
ODDS	1	Pack04	3.5	SunflowerSeed	Common	0
ODDS	1	Pack04	3.5	BluebellSeed	Uncommon	0
ODDS	1	Pack04	3.5	AppleSeed	Rare	13.33333333
ODDS	1	Pack04	3.5	MooncapSeed	Rare	13.33333333
ODDS	1	Pack04	3.5	SunflowerBloomSeed	Legendary	42.66666667
ODDS	1	Pack04	3.5	ElderbloomSeed	Mythic	30.66666667
ODDS	1	Pack05	1	SunflowerSeed	Common	0
ODDS	1	Pack05	1	BluebellSeed	Uncommon	0
ODDS	1	Pack05	1	AppleSeed	Rare	5
ODDS	1	Pack05	1	MooncapSeed	Rare	5
ODDS	1	Pack05	1	SunflowerBloomSeed	Legendary	40
ODDS	1	Pack05	1	ElderbloomSeed	Mythic	50
ODDS	1	Pack05	1.15	SunflowerSeed	Common	0
ODDS	1	Pack05	1.15	BluebellSeed	Uncommon	0
ODDS	1	Pack05	1.15	AppleSeed	Rare	4.683840749
ODDS	1	Pack05	1.15	MooncapSeed	Rare	4.683840749
ODDS	1	Pack05	1.15	SunflowerBloomSeed	Legendary	40.28103044
ODDS	1	Pack05	1.15	ElderbloomSeed	Mythic	50.35128806
ODDS	1	Pack05	1.3	SunflowerSeed	Common	0
ODDS	1	Pack05	1.3	BluebellSeed	Uncommon	0
ODDS	1	Pack05	1.3	AppleSeed	Rare	4.405286344
ODDS	1	Pack05	1.3	MooncapSeed	Rare	4.405286344
ODDS	1	Pack05	1.3	SunflowerBloomSeed	Legendary	40.52863436
ODDS	1	Pack05	1.3	ElderbloomSeed	Mythic	50.66079295
ODDS	1	Pack05	1.5	SunflowerSeed	Common	0
ODDS	1	Pack05	1.5	BluebellSeed	Uncommon	0
ODDS	1	Pack05	1.5	AppleSeed	Rare	4.081632653
ODDS	1	Pack05	1.5	MooncapSeed	Rare	4.081632653
ODDS	1	Pack05	1.5	SunflowerBloomSeed	Legendary	40.81632653
ODDS	1	Pack05	1.5	ElderbloomSeed	Mythic	51.02040816
ODDS	1	Pack05	1.75	SunflowerSeed	Common	0
ODDS	1	Pack05	1.75	BluebellSeed	Uncommon	0
ODDS	1	Pack05	1.75	AppleSeed	Rare	3.738317757
ODDS	1	Pack05	1.75	MooncapSeed	Rare	3.738317757
ODDS	1	Pack05	1.75	SunflowerBloomSeed	Legendary	41.12149533
ODDS	1	Pack05	1.75	ElderbloomSeed	Mythic	51.40186916
ODDS	1	Pack05	2	SunflowerSeed	Common	0
ODDS	1	Pack05	2	BluebellSeed	Uncommon	0
ODDS	1	Pack05	2	AppleSeed	Rare	3.448275862
ODDS	1	Pack05	2	MooncapSeed	Rare	3.448275862
ODDS	1	Pack05	2	SunflowerBloomSeed	Legendary	41.37931034
ODDS	1	Pack05	2	ElderbloomSeed	Mythic	51.72413793
ODDS	1	Pack05	3.5	SunflowerSeed	Common	0
ODDS	1	Pack05	3.5	BluebellSeed	Uncommon	0
ODDS	1	Pack05	3.5	AppleSeed	Rare	2.352941176
ODDS	1	Pack05	3.5	MooncapSeed	Rare	2.352941176
ODDS	1	Pack05	3.5	SunflowerBloomSeed	Legendary	42.35294118
ODDS	1	Pack05	3.5	ElderbloomSeed	Mythic	52.94117647
ODDS	1	Pack06	1	SunflowerSeed	Common	0
ODDS	1	Pack06	1	BluebellSeed	Uncommon	0
ODDS	1	Pack06	1	AppleSeed	Rare	0
ODDS	1	Pack06	1	MooncapSeed	Rare	0
ODDS	1	Pack06	1	SunflowerBloomSeed	Legendary	20
ODDS	1	Pack06	1	ElderbloomSeed	Mythic	80
ODDS	1	Pack06	1.15	SunflowerSeed	Common	0
ODDS	1	Pack06	1.15	BluebellSeed	Uncommon	0
ODDS	1	Pack06	1.15	AppleSeed	Rare	0
ODDS	1	Pack06	1.15	MooncapSeed	Rare	0
ODDS	1	Pack06	1.15	SunflowerBloomSeed	Legendary	20
ODDS	1	Pack06	1.15	ElderbloomSeed	Mythic	80
ODDS	1	Pack06	1.3	SunflowerSeed	Common	0
ODDS	1	Pack06	1.3	BluebellSeed	Uncommon	0
ODDS	1	Pack06	1.3	AppleSeed	Rare	0
ODDS	1	Pack06	1.3	MooncapSeed	Rare	0
ODDS	1	Pack06	1.3	SunflowerBloomSeed	Legendary	20
ODDS	1	Pack06	1.3	ElderbloomSeed	Mythic	80
ODDS	1	Pack06	1.5	SunflowerSeed	Common	0
ODDS	1	Pack06	1.5	BluebellSeed	Uncommon	0
ODDS	1	Pack06	1.5	AppleSeed	Rare	0
ODDS	1	Pack06	1.5	MooncapSeed	Rare	0
ODDS	1	Pack06	1.5	SunflowerBloomSeed	Legendary	20
ODDS	1	Pack06	1.5	ElderbloomSeed	Mythic	80
ODDS	1	Pack06	1.75	SunflowerSeed	Common	0
ODDS	1	Pack06	1.75	BluebellSeed	Uncommon	0
ODDS	1	Pack06	1.75	AppleSeed	Rare	0
ODDS	1	Pack06	1.75	MooncapSeed	Rare	0
ODDS	1	Pack06	1.75	SunflowerBloomSeed	Legendary	20
ODDS	1	Pack06	1.75	ElderbloomSeed	Mythic	80
ODDS	1	Pack06	2	SunflowerSeed	Common	0
ODDS	1	Pack06	2	BluebellSeed	Uncommon	0
ODDS	1	Pack06	2	AppleSeed	Rare	0
ODDS	1	Pack06	2	MooncapSeed	Rare	0
ODDS	1	Pack06	2	SunflowerBloomSeed	Legendary	20
ODDS	1	Pack06	2	ElderbloomSeed	Mythic	80
ODDS	1	Pack06	3.5	SunflowerSeed	Common	0
ODDS	1	Pack06	3.5	BluebellSeed	Uncommon	0
ODDS	1	Pack06	3.5	AppleSeed	Rare	0
ODDS	1	Pack06	3.5	MooncapSeed	Rare	0
ODDS	1	Pack06	3.5	SunflowerBloomSeed	Legendary	20
ODDS	1	Pack06	3.5	ElderbloomSeed	Mythic	80
ODDS	6	Pack01	1	CocoaSeed	Common	55
ODDS	6	Pack01	1	PineappleSeed	Uncommon	26
ODDS	6	Pack01	1	VenomVineSeed	Rare	6.5
ODDS	6	Pack01	1	LanternFernSeed	Rare	6.5
ODDS	6	Pack01	1	TigerOrchidSeed	Legendary	4
ODDS	6	Pack01	1	AncientWorldrootSeed	Mythic	2
ODDS	6	Pack01	1.15	CocoaSeed	Common	54.75360876
ODDS	6	Pack01	1.15	PineappleSeed	Uncommon	25.88352414
ODDS	6	Pack01	1.15	VenomVineSeed	Rare	6.470881035
ODDS	6	Pack01	1.15	LanternFernSeed	Rare	6.470881035
ODDS	6	Pack01	1.15	TigerOrchidSeed	Legendary	4.280736685
ODDS	6	Pack01	1.15	AncientWorldrootSeed	Mythic	2.140368342
ODDS	6	Pack01	1.3	CocoaSeed	Common	54.50941526
ODDS	6	Pack01	1.3	PineappleSeed	Uncommon	25.76808722
ODDS	6	Pack01	1.3	VenomVineSeed	Rare	6.442021804
ODDS	6	Pack01	1.3	LanternFernSeed	Rare	6.442021804
ODDS	6	Pack01	1.3	TigerOrchidSeed	Legendary	4.558969277
ODDS	6	Pack01	1.3	AncientWorldrootSeed	Mythic	2.279484638
ODDS	6	Pack01	1.5	CocoaSeed	Common	54.18719212
ODDS	6	Pack01	1.5	PineappleSeed	Uncommon	25.61576355
ODDS	6	Pack01	1.5	VenomVineSeed	Rare	6.403940887
ODDS	6	Pack01	1.5	LanternFernSeed	Rare	6.403940887
ODDS	6	Pack01	1.5	TigerOrchidSeed	Legendary	4.926108374
ODDS	6	Pack01	1.5	AncientWorldrootSeed	Mythic	2.463054187
ODDS	6	Pack01	1.75	CocoaSeed	Common	53.78973105
ODDS	6	Pack01	1.75	PineappleSeed	Uncommon	25.42787286
ODDS	6	Pack01	1.75	VenomVineSeed	Rare	6.356968215
ODDS	6	Pack01	1.75	LanternFernSeed	Rare	6.356968215
ODDS	6	Pack01	1.75	TigerOrchidSeed	Legendary	5.378973105
ODDS	6	Pack01	1.75	AncientWorldrootSeed	Mythic	2.689486553
ODDS	6	Pack01	2	CocoaSeed	Common	53.39805825
ODDS	6	Pack01	2	PineappleSeed	Uncommon	25.24271845
ODDS	6	Pack01	2	VenomVineSeed	Rare	6.310679612
ODDS	6	Pack01	2	LanternFernSeed	Rare	6.310679612
ODDS	6	Pack01	2	TigerOrchidSeed	Legendary	5.825242718
ODDS	6	Pack01	2	AncientWorldrootSeed	Mythic	2.912621359
ODDS	6	Pack01	3.5	CocoaSeed	Common	51.1627907
ODDS	6	Pack01	3.5	PineappleSeed	Uncommon	24.18604651
ODDS	6	Pack01	3.5	VenomVineSeed	Rare	6.046511628
ODDS	6	Pack01	3.5	LanternFernSeed	Rare	6.046511628
ODDS	6	Pack01	3.5	TigerOrchidSeed	Legendary	8.372093023
ODDS	6	Pack01	3.5	AncientWorldrootSeed	Mythic	4.186046512
ODDS	6	Pack02	1	CocoaSeed	Common	25
ODDS	6	Pack02	1	PineappleSeed	Uncommon	38
ODDS	6	Pack02	1	VenomVineSeed	Rare	12.5
ODDS	6	Pack02	1	LanternFernSeed	Rare	12.5
ODDS	6	Pack02	1	TigerOrchidSeed	Legendary	8
ODDS	6	Pack02	1	AncientWorldrootSeed	Mythic	4
ODDS	6	Pack02	1.15	CocoaSeed	Common	24.77700694
ODDS	6	Pack02	1.15	PineappleSeed	Uncommon	37.66105055
ODDS	6	Pack02	1.15	VenomVineSeed	Rare	12.38850347
ODDS	6	Pack02	1.15	LanternFernSeed	Rare	12.38850347
ODDS	6	Pack02	1.15	TigerOrchidSeed	Legendary	8.523290387
ODDS	6	Pack02	1.15	AncientWorldrootSeed	Mythic	4.261645193
ODDS	6	Pack02	1.3	CocoaSeed	Common	24.55795678
ODDS	6	Pack02	1.3	PineappleSeed	Uncommon	37.3280943
ODDS	6	Pack02	1.3	VenomVineSeed	Rare	12.27897839
ODDS	6	Pack02	1.3	LanternFernSeed	Rare	12.27897839
ODDS	6	Pack02	1.3	TigerOrchidSeed	Legendary	9.037328094
ODDS	6	Pack02	1.3	AncientWorldrootSeed	Mythic	4.518664047
ODDS	6	Pack02	1.5	CocoaSeed	Common	24.27184466
ODDS	6	Pack02	1.5	PineappleSeed	Uncommon	36.89320388
ODDS	6	Pack02	1.5	VenomVineSeed	Rare	12.13592233
ODDS	6	Pack02	1.5	LanternFernSeed	Rare	12.13592233
ODDS	6	Pack02	1.5	TigerOrchidSeed	Legendary	9.708737864
ODDS	6	Pack02	1.5	AncientWorldrootSeed	Mythic	4.854368932
ODDS	6	Pack02	1.75	CocoaSeed	Common	23.92344498
ODDS	6	Pack02	1.75	PineappleSeed	Uncommon	36.36363636
ODDS	6	Pack02	1.75	VenomVineSeed	Rare	11.96172249
ODDS	6	Pack02	1.75	LanternFernSeed	Rare	11.96172249
ODDS	6	Pack02	1.75	TigerOrchidSeed	Legendary	10.52631579
ODDS	6	Pack02	1.75	AncientWorldrootSeed	Mythic	5.263157895
ODDS	6	Pack02	2	CocoaSeed	Common	23.58490566
ODDS	6	Pack02	2	PineappleSeed	Uncommon	35.8490566
ODDS	6	Pack02	2	VenomVineSeed	Rare	11.79245283
ODDS	6	Pack02	2	LanternFernSeed	Rare	11.79245283
ODDS	6	Pack02	2	TigerOrchidSeed	Legendary	11.32075472
ODDS	6	Pack02	2	AncientWorldrootSeed	Mythic	5.660377358
ODDS	6	Pack02	3.5	CocoaSeed	Common	21.73913043
ODDS	6	Pack02	3.5	PineappleSeed	Uncommon	33.04347826
ODDS	6	Pack02	3.5	VenomVineSeed	Rare	10.86956522
ODDS	6	Pack02	3.5	LanternFernSeed	Rare	10.86956522
ODDS	6	Pack02	3.5	TigerOrchidSeed	Legendary	15.65217391
ODDS	6	Pack02	3.5	AncientWorldrootSeed	Mythic	7.826086957
ODDS	6	Pack03	1	CocoaSeed	Common	0
ODDS	6	Pack03	1	PineappleSeed	Uncommon	25
ODDS	6	Pack03	1	VenomVineSeed	Rare	24
ODDS	6	Pack03	1	LanternFernSeed	Rare	24
ODDS	6	Pack03	1	TigerOrchidSeed	Legendary	18
ODDS	6	Pack03	1	AncientWorldrootSeed	Mythic	9
ODDS	6	Pack03	1.15	CocoaSeed	Common	0
ODDS	6	Pack03	1.15	PineappleSeed	Uncommon	24.50379809
ODDS	6	Pack03	1.15	VenomVineSeed	Rare	23.52364617
ODDS	6	Pack03	1.15	LanternFernSeed	Rare	23.52364617
ODDS	6	Pack03	1.15	TigerOrchidSeed	Legendary	18.96593972
ODDS	6	Pack03	1.15	AncientWorldrootSeed	Mythic	9.48296986
ODDS	6	Pack03	1.3	CocoaSeed	Common	0
ODDS	6	Pack03	1.3	PineappleSeed	Uncommon	24.02691014
ODDS	6	Pack03	1.3	VenomVineSeed	Rare	23.06583373
ODDS	6	Pack03	1.3	LanternFernSeed	Rare	23.06583373
ODDS	6	Pack03	1.3	TigerOrchidSeed	Legendary	19.8942816
ODDS	6	Pack03	1.3	AncientWorldrootSeed	Mythic	9.947140798
ODDS	6	Pack03	1.5	CocoaSeed	Common	0
ODDS	6	Pack03	1.5	PineappleSeed	Uncommon	23.41920375
ODDS	6	Pack03	1.5	VenomVineSeed	Rare	22.4824356
ODDS	6	Pack03	1.5	LanternFernSeed	Rare	22.4824356
ODDS	6	Pack03	1.5	TigerOrchidSeed	Legendary	21.07728337
ODDS	6	Pack03	1.5	AncientWorldrootSeed	Mythic	10.53864169
ODDS	6	Pack03	1.75	CocoaSeed	Common	0
ODDS	6	Pack03	1.75	PineappleSeed	Uncommon	22.7014756
ODDS	6	Pack03	1.75	VenomVineSeed	Rare	21.79341657
ODDS	6	Pack03	1.75	LanternFernSeed	Rare	21.79341657
ODDS	6	Pack03	1.75	TigerOrchidSeed	Legendary	22.47446084
ODDS	6	Pack03	1.75	AncientWorldrootSeed	Mythic	11.23723042
ODDS	6	Pack03	2	CocoaSeed	Common	0
ODDS	6	Pack03	2	PineappleSeed	Uncommon	22.02643172
ODDS	6	Pack03	2	VenomVineSeed	Rare	21.14537445
ODDS	6	Pack03	2	LanternFernSeed	Rare	21.14537445
ODDS	6	Pack03	2	TigerOrchidSeed	Legendary	23.78854626
ODDS	6	Pack03	2	AncientWorldrootSeed	Mythic	11.89427313
ODDS	6	Pack03	3.5	CocoaSeed	Common	0
ODDS	6	Pack03	3.5	PineappleSeed	Uncommon	18.69158879
ODDS	6	Pack03	3.5	VenomVineSeed	Rare	17.94392523
ODDS	6	Pack03	3.5	LanternFernSeed	Rare	17.94392523
ODDS	6	Pack03	3.5	TigerOrchidSeed	Legendary	30.28037383
ODDS	6	Pack03	3.5	AncientWorldrootSeed	Mythic	15.14018692
ODDS	6	Pack04	1	CocoaSeed	Common	0
ODDS	6	Pack04	1	PineappleSeed	Uncommon	0
ODDS	6	Pack04	1	VenomVineSeed	Rare	22.5
ODDS	6	Pack04	1	LanternFernSeed	Rare	22.5
ODDS	6	Pack04	1	TigerOrchidSeed	Legendary	32
ODDS	6	Pack04	1	AncientWorldrootSeed	Mythic	23
ODDS	6	Pack04	1.15	CocoaSeed	Common	0
ODDS	6	Pack04	1.15	PineappleSeed	Uncommon	0
ODDS	6	Pack04	1.15	VenomVineSeed	Rare	21.60864346
ODDS	6	Pack04	1.15	LanternFernSeed	Rare	21.60864346
ODDS	6	Pack04	1.15	TigerOrchidSeed	Legendary	33.03721489
ODDS	6	Pack04	1.15	AncientWorldrootSeed	Mythic	23.7454982
ODDS	6	Pack04	1.3	CocoaSeed	Common	0
ODDS	6	Pack04	1.3	PineappleSeed	Uncommon	0
ODDS	6	Pack04	1.3	VenomVineSeed	Rare	20.7852194
ODDS	6	Pack04	1.3	LanternFernSeed	Rare	20.7852194
ODDS	6	Pack04	1.3	TigerOrchidSeed	Legendary	33.99538106
ODDS	6	Pack04	1.3	AncientWorldrootSeed	Mythic	24.43418014
ODDS	6	Pack04	1.5	CocoaSeed	Common	0
ODDS	6	Pack04	1.5	PineappleSeed	Uncommon	0
ODDS	6	Pack04	1.5	VenomVineSeed	Rare	19.78021978
ODDS	6	Pack04	1.5	LanternFernSeed	Rare	19.78021978
ODDS	6	Pack04	1.5	TigerOrchidSeed	Legendary	35.16483516
ODDS	6	Pack04	1.5	AncientWorldrootSeed	Mythic	25.27472527
ODDS	6	Pack04	1.75	CocoaSeed	Common	0
ODDS	6	Pack04	1.75	PineappleSeed	Uncommon	0
ODDS	6	Pack04	1.75	VenomVineSeed	Rare	18.65284974
ODDS	6	Pack04	1.75	LanternFernSeed	Rare	18.65284974
ODDS	6	Pack04	1.75	TigerOrchidSeed	Legendary	36.47668394
ODDS	6	Pack04	1.75	AncientWorldrootSeed	Mythic	26.21761658
ODDS	6	Pack04	2	CocoaSeed	Common	0
ODDS	6	Pack04	2	PineappleSeed	Uncommon	0
ODDS	6	Pack04	2	VenomVineSeed	Rare	17.64705882
ODDS	6	Pack04	2	LanternFernSeed	Rare	17.64705882
ODDS	6	Pack04	2	TigerOrchidSeed	Legendary	37.64705882
ODDS	6	Pack04	2	AncientWorldrootSeed	Mythic	27.05882353
ODDS	6	Pack04	3.5	CocoaSeed	Common	0
ODDS	6	Pack04	3.5	PineappleSeed	Uncommon	0
ODDS	6	Pack04	3.5	VenomVineSeed	Rare	13.33333333
ODDS	6	Pack04	3.5	LanternFernSeed	Rare	13.33333333
ODDS	6	Pack04	3.5	TigerOrchidSeed	Legendary	42.66666667
ODDS	6	Pack04	3.5	AncientWorldrootSeed	Mythic	30.66666667
ODDS	6	Pack05	1	CocoaSeed	Common	0
ODDS	6	Pack05	1	PineappleSeed	Uncommon	0
ODDS	6	Pack05	1	VenomVineSeed	Rare	5
ODDS	6	Pack05	1	LanternFernSeed	Rare	5
ODDS	6	Pack05	1	TigerOrchidSeed	Legendary	40
ODDS	6	Pack05	1	AncientWorldrootSeed	Mythic	50
ODDS	6	Pack05	1.15	CocoaSeed	Common	0
ODDS	6	Pack05	1.15	PineappleSeed	Uncommon	0
ODDS	6	Pack05	1.15	VenomVineSeed	Rare	4.683840749
ODDS	6	Pack05	1.15	LanternFernSeed	Rare	4.683840749
ODDS	6	Pack05	1.15	TigerOrchidSeed	Legendary	40.28103044
ODDS	6	Pack05	1.15	AncientWorldrootSeed	Mythic	50.35128806
ODDS	6	Pack05	1.3	CocoaSeed	Common	0
ODDS	6	Pack05	1.3	PineappleSeed	Uncommon	0
ODDS	6	Pack05	1.3	VenomVineSeed	Rare	4.405286344
ODDS	6	Pack05	1.3	LanternFernSeed	Rare	4.405286344
ODDS	6	Pack05	1.3	TigerOrchidSeed	Legendary	40.52863436
ODDS	6	Pack05	1.3	AncientWorldrootSeed	Mythic	50.66079295
ODDS	6	Pack05	1.5	CocoaSeed	Common	0
ODDS	6	Pack05	1.5	PineappleSeed	Uncommon	0
ODDS	6	Pack05	1.5	VenomVineSeed	Rare	4.081632653
ODDS	6	Pack05	1.5	LanternFernSeed	Rare	4.081632653
ODDS	6	Pack05	1.5	TigerOrchidSeed	Legendary	40.81632653
ODDS	6	Pack05	1.5	AncientWorldrootSeed	Mythic	51.02040816
ODDS	6	Pack05	1.75	CocoaSeed	Common	0
ODDS	6	Pack05	1.75	PineappleSeed	Uncommon	0
ODDS	6	Pack05	1.75	VenomVineSeed	Rare	3.738317757
ODDS	6	Pack05	1.75	LanternFernSeed	Rare	3.738317757
ODDS	6	Pack05	1.75	TigerOrchidSeed	Legendary	41.12149533
ODDS	6	Pack05	1.75	AncientWorldrootSeed	Mythic	51.40186916
ODDS	6	Pack05	2	CocoaSeed	Common	0
ODDS	6	Pack05	2	PineappleSeed	Uncommon	0
ODDS	6	Pack05	2	VenomVineSeed	Rare	3.448275862
ODDS	6	Pack05	2	LanternFernSeed	Rare	3.448275862
ODDS	6	Pack05	2	TigerOrchidSeed	Legendary	41.37931034
ODDS	6	Pack05	2	AncientWorldrootSeed	Mythic	51.72413793
ODDS	6	Pack05	3.5	CocoaSeed	Common	0
ODDS	6	Pack05	3.5	PineappleSeed	Uncommon	0
ODDS	6	Pack05	3.5	VenomVineSeed	Rare	2.352941176
ODDS	6	Pack05	3.5	LanternFernSeed	Rare	2.352941176
ODDS	6	Pack05	3.5	TigerOrchidSeed	Legendary	42.35294118
ODDS	6	Pack05	3.5	AncientWorldrootSeed	Mythic	52.94117647
ODDS	6	Pack06	1	CocoaSeed	Common	0
ODDS	6	Pack06	1	PineappleSeed	Uncommon	0
ODDS	6	Pack06	1	VenomVineSeed	Rare	0
ODDS	6	Pack06	1	LanternFernSeed	Rare	0
ODDS	6	Pack06	1	TigerOrchidSeed	Legendary	20
ODDS	6	Pack06	1	AncientWorldrootSeed	Mythic	80
ODDS	6	Pack06	1.15	CocoaSeed	Common	0
ODDS	6	Pack06	1.15	PineappleSeed	Uncommon	0
ODDS	6	Pack06	1.15	VenomVineSeed	Rare	0
ODDS	6	Pack06	1.15	LanternFernSeed	Rare	0
ODDS	6	Pack06	1.15	TigerOrchidSeed	Legendary	20
ODDS	6	Pack06	1.15	AncientWorldrootSeed	Mythic	80
ODDS	6	Pack06	1.3	CocoaSeed	Common	0
ODDS	6	Pack06	1.3	PineappleSeed	Uncommon	0
ODDS	6	Pack06	1.3	VenomVineSeed	Rare	0
ODDS	6	Pack06	1.3	LanternFernSeed	Rare	0
ODDS	6	Pack06	1.3	TigerOrchidSeed	Legendary	20
ODDS	6	Pack06	1.3	AncientWorldrootSeed	Mythic	80
ODDS	6	Pack06	1.5	CocoaSeed	Common	0
ODDS	6	Pack06	1.5	PineappleSeed	Uncommon	0
ODDS	6	Pack06	1.5	VenomVineSeed	Rare	0
ODDS	6	Pack06	1.5	LanternFernSeed	Rare	0
ODDS	6	Pack06	1.5	TigerOrchidSeed	Legendary	20
ODDS	6	Pack06	1.5	AncientWorldrootSeed	Mythic	80
ODDS	6	Pack06	1.75	CocoaSeed	Common	0
ODDS	6	Pack06	1.75	PineappleSeed	Uncommon	0
ODDS	6	Pack06	1.75	VenomVineSeed	Rare	0
ODDS	6	Pack06	1.75	LanternFernSeed	Rare	0
ODDS	6	Pack06	1.75	TigerOrchidSeed	Legendary	20
ODDS	6	Pack06	1.75	AncientWorldrootSeed	Mythic	80
ODDS	6	Pack06	2	CocoaSeed	Common	0
ODDS	6	Pack06	2	PineappleSeed	Uncommon	0
ODDS	6	Pack06	2	VenomVineSeed	Rare	0
ODDS	6	Pack06	2	LanternFernSeed	Rare	0
ODDS	6	Pack06	2	TigerOrchidSeed	Legendary	20
ODDS	6	Pack06	2	AncientWorldrootSeed	Mythic	80
ODDS	6	Pack06	3.5	CocoaSeed	Common	0
ODDS	6	Pack06	3.5	PineappleSeed	Uncommon	0
ODDS	6	Pack06	3.5	VenomVineSeed	Rare	0
ODDS	6	Pack06	3.5	LanternFernSeed	Rare	0
ODDS	6	Pack06	3.5	TigerOrchidSeed	Legendary	20
ODDS	6	Pack06	3.5	AncientWorldrootSeed	Mythic	80
ODDS	2	Pack01	1	CactusSeed	Uncommon	81
ODDS	2	Pack01	1	DatePalmSeed	Mythic	18.3
ODDS	2	Pack01	1	MirageFigSeed	Cosmic	0.15
ODDS	2	Pack01	1	SolarStarfruitSeed	King	0.05
ODDS	2	Pack01	1	StarfruitSeed	Secret	0.5
ODDS	2	Pack01	1.15	CactusSeed	Uncommon	79.8206499
ODDS	2	Pack01	1.15	DatePalmSeed	Mythic	19.3860708
ODDS	2	Pack01	1.15	MirageFigSeed	Cosmic	0.1699884211
ODDS	2	Pack01	1.15	SolarStarfruitSeed	King	0.05666280703
ODDS	2	Pack01	1.15	StarfruitSeed	Secret	0.5666280703
ODDS	2	Pack01	1.3	CactusSeed	Uncommon	78.67514934
ODDS	2	Pack01	1.3	DatePalmSeed	Mythic	20.44096936
ODDS	2	Pack01	1.3	MirageFigSeed	Cosmic	0.1894031373
ODDS	2	Pack01	1.3	SolarStarfruitSeed	King	0.0631343791
ODDS	2	Pack01	1.3	StarfruitSeed	Secret	0.631343791
ODDS	2	Pack01	1.5	CactusSeed	Uncommon	77.19799857
ODDS	2	Pack01	1.5	DatePalmSeed	Mythic	21.80128663
ODDS	2	Pack01	1.5	MirageFigSeed	Cosmic	0.2144388849
ODDS	2	Pack01	1.5	SolarStarfruitSeed	King	0.07147962831
ODDS	2	Pack01	1.5	StarfruitSeed	Secret	0.7147962831
ODDS	2	Pack01	1.75	CactusSeed	Uncommon	75.42777325
ODDS	2	Pack01	1.75	DatePalmSeed	Mythic	23.43149808
ODDS	2	Pack01	1.75	MirageFigSeed	Cosmic	0.2444418578
ODDS	2	Pack01	1.75	SolarStarfruitSeed	King	0.08148061925
ODDS	2	Pack01	1.75	StarfruitSeed	Secret	0.8148061925
ODDS	2	Pack01	2	CactusSeed	Uncommon	73.73691397
ODDS	2	Pack01	2	DatePalmSeed	Mythic	24.98862085
ODDS	2	Pack01	2	MirageFigSeed	Cosmic	0.2730996814
ODDS	2	Pack01	2	SolarStarfruitSeed	King	0.09103322713
ODDS	2	Pack01	2	StarfruitSeed	Secret	0.9103322713
ODDS	2	Pack01	3.5	CactusSeed	Uncommon	64.99498495
ODDS	2	Pack01	3.5	DatePalmSeed	Mythic	33.03911735
ODDS	2	Pack01	3.5	MirageFigSeed	Cosmic	0.4212637914
ODDS	2	Pack01	3.5	SolarStarfruitSeed	King	0.1404212638
ODDS	2	Pack01	3.5	StarfruitSeed	Secret	1.404212638
ODDS	2	Pack02	1	CactusSeed	Uncommon	63
ODDS	2	Pack02	1	DatePalmSeed	Mythic	35.5
ODDS	2	Pack02	1	MirageFigSeed	Cosmic	0.4
ODDS	2	Pack02	1	SolarStarfruitSeed	King	0.1
ODDS	2	Pack02	1	StarfruitSeed	Secret	1
ODDS	2	Pack02	1.15	CactusSeed	Uncommon	61.23192808
ODDS	2	Pack02	1.15	DatePalmSeed	Mythic	37.09148342
ODDS	2	Pack02	1.15	MirageFigSeed	Cosmic	0.4470902685
ODDS	2	Pack02	1.15	SolarStarfruitSeed	King	0.1117725671
ODDS	2	Pack02	1.15	StarfruitSeed	Secret	1.117725671
ODDS	2	Pack02	1.3	CactusSeed	Uncommon	59.56038762
ODDS	2	Pack02	1.3	DatePalmSeed	Mythic	38.59607658
ODDS	2	Pack02	1.3	MirageFigSeed	Cosmic	0.4916095486
ODDS	2	Pack02	1.3	SolarStarfruitSeed	King	0.1229023871
ODDS	2	Pack02	1.3	StarfruitSeed	Secret	1.229023871
ODDS	2	Pack02	1.5	CactusSeed	Uncommon	57.4686431
ODDS	2	Pack02	1.5	DatePalmSeed	Mythic	40.47890536
ODDS	2	Pack02	1.5	MirageFigSeed	Cosmic	0.5473204105
ODDS	2	Pack02	1.5	SolarStarfruitSeed	King	0.1368301026
ODDS	2	Pack02	1.5	StarfruitSeed	Secret	1.368301026
ODDS	2	Pack02	1.75	CactusSeed	Uncommon	55.05188422
ODDS	2	Pack02	1.75	DatePalmSeed	Mythic	42.65428727
ODDS	2	Pack02	1.75	MirageFigSeed	Cosmic	0.6116876024
ODDS	2	Pack02	1.75	SolarStarfruitSeed	King	0.1529219006
ODDS	2	Pack02	1.75	StarfruitSeed	Secret	1.529219006
ODDS	2	Pack02	2	CactusSeed	Uncommon	52.83018868
ODDS	2	Pack02	2	DatePalmSeed	Mythic	44.65408805
ODDS	2	Pack02	2	MirageFigSeed	Cosmic	0.6708595388
ODDS	2	Pack02	2	SolarStarfruitSeed	King	0.1677148847
ODDS	2	Pack02	2	StarfruitSeed	Secret	1.677148847
ODDS	2	Pack02	3.5	CactusSeed	Uncommon	42.53164557
ODDS	2	Pack02	3.5	DatePalmSeed	Mythic	53.92405063
ODDS	2	Pack02	3.5	MirageFigSeed	Cosmic	0.9451476793
ODDS	2	Pack02	3.5	SolarStarfruitSeed	King	0.2362869198
ODDS	2	Pack02	3.5	StarfruitSeed	Secret	2.362869198
ODDS	2	Pack03	1	CactusSeed	Uncommon	25
ODDS	2	Pack03	1	DatePalmSeed	Mythic	72
ODDS	2	Pack03	1	MirageFigSeed	Cosmic	0.8
ODDS	2	Pack03	1	SolarStarfruitSeed	King	0.2
ODDS	2	Pack03	1	StarfruitSeed	Secret	2
ODDS	2	Pack03	1.15	CactusSeed	Uncommon	23.61832782
ODDS	2	Pack03	1.15	DatePalmSeed	Mythic	73.12234294
ODDS	2	Pack03	1.15	MirageFigSeed	Cosmic	0.8691544639
ODDS	2	Pack03	1.15	SolarStarfruitSeed	King	0.217288616
ODDS	2	Pack03	1.15	StarfruitSeed	Secret	2.17288616
ODDS	2	Pack03	1.3	CactusSeed	Uncommon	22.38137869
ODDS	2	Pack03	1.3	DatePalmSeed	Mythic	74.12712623
ODDS	2	Pack03	1.3	MirageFigSeed	Cosmic	0.9310653536
ODDS	2	Pack03	1.3	SolarStarfruitSeed	King	0.2327663384
ODDS	2	Pack03	1.3	StarfruitSeed	Secret	2.327663384
ODDS	2	Pack03	1.5	CactusSeed	Uncommon	20.92050209
ODDS	2	Pack03	1.5	DatePalmSeed	Mythic	75.31380753
ODDS	2	Pack03	1.5	MirageFigSeed	Cosmic	1.0041841
ODDS	2	Pack03	1.5	SolarStarfruitSeed	King	0.2510460251
ODDS	2	Pack03	1.5	StarfruitSeed	Secret	2.510460251
ODDS	2	Pack03	1.75	CactusSeed	Uncommon	19.34235977
ODDS	2	Pack03	1.75	DatePalmSeed	Mythic	76.59574468
ODDS	2	Pack03	1.75	MirageFigSeed	Cosmic	1.083172147
ODDS	2	Pack03	1.75	SolarStarfruitSeed	King	0.2707930368
ODDS	2	Pack03	1.75	StarfruitSeed	Secret	2.707930368
ODDS	2	Pack03	2	CactusSeed	Uncommon	17.98561151
ODDS	2	Pack03	2	DatePalmSeed	Mythic	77.69784173
ODDS	2	Pack03	2	MirageFigSeed	Cosmic	1.151079137
ODDS	2	Pack03	2	SolarStarfruitSeed	King	0.2877697842
ODDS	2	Pack03	2	StarfruitSeed	Secret	2.877697842
ODDS	2	Pack03	3.5	CactusSeed	Uncommon	12.65822785
ODDS	2	Pack03	3.5	DatePalmSeed	Mythic	82.02531646
ODDS	2	Pack03	3.5	MirageFigSeed	Cosmic	1.417721519
ODDS	2	Pack03	3.5	SolarStarfruitSeed	King	0.3544303797
ODDS	2	Pack03	3.5	StarfruitSeed	Secret	3.544303797
ODDS	2	Pack04	1	CactusSeed	Uncommon	0
ODDS	2	Pack04	1	DatePalmSeed	Mythic	92
ODDS	2	Pack04	1	MirageFigSeed	Cosmic	2.3
ODDS	2	Pack04	1	SolarStarfruitSeed	King	0.7
ODDS	2	Pack04	1	StarfruitSeed	Secret	5
ODDS	2	Pack04	1.15	CactusSeed	Uncommon	0
ODDS	2	Pack04	1.15	DatePalmSeed	Mythic	91.4893617
ODDS	2	Pack04	1.15	MirageFigSeed	Cosmic	2.446808511
ODDS	2	Pack04	1.15	SolarStarfruitSeed	King	0.7446808511
ODDS	2	Pack04	1.15	StarfruitSeed	Secret	5.319148936
ODDS	2	Pack04	1.3	CactusSeed	Uncommon	0
ODDS	2	Pack04	1.3	DatePalmSeed	Mythic	91.04991394
ODDS	2	Pack04	1.3	MirageFigSeed	Cosmic	2.573149742
ODDS	2	Pack04	1.3	SolarStarfruitSeed	King	0.7831325301
ODDS	2	Pack04	1.3	StarfruitSeed	Secret	5.593803787
ODDS	2	Pack04	1.5	CactusSeed	Uncommon	0
ODDS	2	Pack04	1.5	DatePalmSeed	Mythic	90.5511811
ODDS	2	Pack04	1.5	MirageFigSeed	Cosmic	2.716535433
ODDS	2	Pack04	1.5	SolarStarfruitSeed	King	0.8267716535
ODDS	2	Pack04	1.5	StarfruitSeed	Secret	5.905511811
ODDS	2	Pack04	1.75	CactusSeed	Uncommon	0
ODDS	2	Pack04	1.75	DatePalmSeed	Mythic	90.03558719
ODDS	2	Pack04	1.75	MirageFigSeed	Cosmic	2.864768683
ODDS	2	Pack04	1.75	SolarStarfruitSeed	King	0.871886121
ODDS	2	Pack04	1.75	StarfruitSeed	Secret	6.227758007
ODDS	2	Pack04	2	CactusSeed	Uncommon	0
ODDS	2	Pack04	2	DatePalmSeed	Mythic	89.61038961
ODDS	2	Pack04	2	MirageFigSeed	Cosmic	2.987012987
ODDS	2	Pack04	2	SolarStarfruitSeed	King	0.9090909091
ODDS	2	Pack04	2	StarfruitSeed	Secret	6.493506494
ODDS	2	Pack04	3.5	CactusSeed	Uncommon	0
ODDS	2	Pack04	3.5	DatePalmSeed	Mythic	88.08510638
ODDS	2	Pack04	3.5	MirageFigSeed	Cosmic	3.425531915
ODDS	2	Pack04	3.5	SolarStarfruitSeed	King	1.042553191
ODDS	2	Pack04	3.5	StarfruitSeed	Secret	7.446808511
ODDS	2	Pack05	1	CactusSeed	Uncommon	0
ODDS	2	Pack05	1	DatePalmSeed	Mythic	80
ODDS	2	Pack05	1	MirageFigSeed	Cosmic	6
ODDS	2	Pack05	1	SolarStarfruitSeed	King	2
ODDS	2	Pack05	1	StarfruitSeed	Secret	12
ODDS	2	Pack05	1.15	CactusSeed	Uncommon	0
ODDS	2	Pack05	1.15	DatePalmSeed	Mythic	78.89908257
ODDS	2	Pack05	1.15	MirageFigSeed	Cosmic	6.330275229
ODDS	2	Pack05	1.15	SolarStarfruitSeed	King	2.110091743
ODDS	2	Pack05	1.15	StarfruitSeed	Secret	12.66055046
ODDS	2	Pack05	1.3	CactusSeed	Uncommon	0
ODDS	2	Pack05	1.3	DatePalmSeed	Mythic	77.96610169
ODDS	2	Pack05	1.3	MirageFigSeed	Cosmic	6.610169492
ODDS	2	Pack05	1.3	SolarStarfruitSeed	King	2.203389831
ODDS	2	Pack05	1.3	StarfruitSeed	Secret	13.22033898
ODDS	2	Pack05	1.5	CactusSeed	Uncommon	0
ODDS	2	Pack05	1.5	DatePalmSeed	Mythic	76.92307692
ODDS	2	Pack05	1.5	MirageFigSeed	Cosmic	6.923076923
ODDS	2	Pack05	1.5	SolarStarfruitSeed	King	2.307692308
ODDS	2	Pack05	1.5	StarfruitSeed	Secret	13.84615385
ODDS	2	Pack05	1.75	CactusSeed	Uncommon	0
ODDS	2	Pack05	1.75	DatePalmSeed	Mythic	75.86206897
ODDS	2	Pack05	1.75	MirageFigSeed	Cosmic	7.24137931
ODDS	2	Pack05	1.75	SolarStarfruitSeed	King	2.413793103
ODDS	2	Pack05	1.75	StarfruitSeed	Secret	14.48275862
ODDS	2	Pack05	2	CactusSeed	Uncommon	0
ODDS	2	Pack05	2	DatePalmSeed	Mythic	75
ODDS	2	Pack05	2	MirageFigSeed	Cosmic	7.5
ODDS	2	Pack05	2	SolarStarfruitSeed	King	2.5
ODDS	2	Pack05	2	StarfruitSeed	Secret	15
ODDS	2	Pack05	3.5	CactusSeed	Uncommon	0
ODDS	2	Pack05	3.5	DatePalmSeed	Mythic	72
ODDS	2	Pack05	3.5	MirageFigSeed	Cosmic	8.4
ODDS	2	Pack05	3.5	SolarStarfruitSeed	King	2.8
ODDS	2	Pack05	3.5	StarfruitSeed	Secret	16.8
ODDS	2	Pack06	1	CactusSeed	Uncommon	0
ODDS	2	Pack06	1	DatePalmSeed	Mythic	65
ODDS	2	Pack06	1	MirageFigSeed	Cosmic	10
ODDS	2	Pack06	1	SolarStarfruitSeed	King	3
ODDS	2	Pack06	1	StarfruitSeed	Secret	22
ODDS	2	Pack06	1.15	CactusSeed	Uncommon	0
ODDS	2	Pack06	1.15	DatePalmSeed	Mythic	63.45062429
ODDS	2	Pack06	1.15	MirageFigSeed	Cosmic	10.44267877
ODDS	2	Pack06	1.15	SolarStarfruitSeed	King	3.132803632
ODDS	2	Pack06	1.15	StarfruitSeed	Secret	22.9738933
ODDS	2	Pack06	1.3	CactusSeed	Uncommon	0
ODDS	2	Pack06	1.3	DatePalmSeed	Mythic	62.16216216
ODDS	2	Pack06	1.3	MirageFigSeed	Cosmic	10.81081081
ODDS	2	Pack06	1.3	SolarStarfruitSeed	King	3.243243243
ODDS	2	Pack06	1.3	StarfruitSeed	Secret	23.78378378
ODDS	2	Pack06	1.5	CactusSeed	Uncommon	0
ODDS	2	Pack06	1.5	DatePalmSeed	Mythic	60.74766355
ODDS	2	Pack06	1.5	MirageFigSeed	Cosmic	11.21495327
ODDS	2	Pack06	1.5	SolarStarfruitSeed	King	3.364485981
ODDS	2	Pack06	1.5	StarfruitSeed	Secret	24.6728972
ODDS	2	Pack06	1.75	CactusSeed	Uncommon	0
ODDS	2	Pack06	1.75	DatePalmSeed	Mythic	59.33609959
ODDS	2	Pack06	1.75	MirageFigSeed	Cosmic	11.61825726
ODDS	2	Pack06	1.75	SolarStarfruitSeed	King	3.485477178
ODDS	2	Pack06	1.75	StarfruitSeed	Secret	25.56016598
ODDS	2	Pack06	2	CactusSeed	Uncommon	0
ODDS	2	Pack06	2	DatePalmSeed	Mythic	58.20895522
ODDS	2	Pack06	2	MirageFigSeed	Cosmic	11.94029851
ODDS	2	Pack06	2	SolarStarfruitSeed	King	3.582089552
ODDS	2	Pack06	2	StarfruitSeed	Secret	26.26865672
ODDS	2	Pack06	3.5	CactusSeed	Uncommon	0
ODDS	2	Pack06	3.5	DatePalmSeed	Mythic	54.41860465
ODDS	2	Pack06	3.5	MirageFigSeed	Cosmic	13.02325581
ODDS	2	Pack06	3.5	SolarStarfruitSeed	King	3.906976744
ODDS	2	Pack06	3.5	StarfruitSeed	Secret	28.65116279
ODDS	3	Pack01	1	SnowdropSeed	Uncommon	81
ODDS	3	Pack01	1	IceberrySeed	Rare	13
ODDS	3	Pack01	1	WinterPineSeed	Legendary	4
ODDS	3	Pack01	1	CrystalLilySeed	Mythic	1.3
ODDS	3	Pack01	1	SilentFrostbellSeed	Secret	0.5
ODDS	3	Pack01	1	PolarStarbloomSeed	Cosmic	0.15
ODDS	3	Pack01	1	WinterCrownwoodSeed	King	0.05
ODDS	3	Pack01	1.15	SnowdropSeed	Uncommon	80.59501007
ODDS	3	Pack01	1.15	IceberrySeed	Rare	12.93500162
ODDS	3	Pack01	1.15	WinterPineSeed	Legendary	4.278500535
ODDS	3	Pack01	1.15	CrystalLilySeed	Mythic	1.390512674
ODDS	3	Pack01	1.15	SilentFrostbellSeed	Secret	0.5721250715
ODDS	3	Pack01	1.15	PolarStarbloomSeed	Cosmic	0.1716375215
ODDS	3	Pack01	1.15	WinterCrownwoodSeed	King	0.05721250715
ODDS	3	Pack01	1.3	SnowdropSeed	Uncommon	80.1940498
ODDS	3	Pack01	1.3	IceberrySeed	Rare	12.87064997
ODDS	3	Pack01	1.3	WinterPineSeed	Legendary	4.554229989
ODDS	3	Pack01	1.3	CrystalLilySeed	Mythic	1.480124746
ODDS	3	Pack01	1.3	SilentFrostbellSeed	Secret	0.6435324984
ODDS	3	Pack01	1.3	PolarStarbloomSeed	Cosmic	0.1930597495
ODDS	3	Pack01	1.3	WinterCrownwoodSeed	King	0.06435324984
ODDS	3	Pack01	1.5	SnowdropSeed	Uncommon	79.66560118
ODDS	3	Pack01	1.5	IceberrySeed	Rare	12.78583723
ODDS	3	Pack01	1.5	WinterPineSeed	Legendary	4.917629702
ODDS	3	Pack01	1.5	CrystalLilySeed	Mythic	1.598229653
ODDS	3	Pack01	1.5	SilentFrostbellSeed	Secret	0.7376444554
ODDS	3	Pack01	1.5	PolarStarbloomSeed	Cosmic	0.2212933366
ODDS	3	Pack01	1.5	WinterCrownwoodSeed	King	0.07376444554
ODDS	3	Pack01	1.75	SnowdropSeed	Uncommon	79.0147543
ODDS	3	Pack01	1.75	IceberrySeed	Rare	12.68138032
ODDS	3	Pack01	1.75	WinterPineSeed	Legendary	5.365199366
ODDS	3	Pack01	1.75	CrystalLilySeed	Mythic	1.743689794
ODDS	3	Pack01	1.75	SilentFrostbellSeed	Secret	0.8535544446
ODDS	3	Pack01	1.75	PolarStarbloomSeed	Cosmic	0.2560663334
ODDS	3	Pack01	1.75	WinterCrownwoodSeed	King	0.08535544446
ODDS	3	Pack01	2	SnowdropSeed	Uncommon	78.37445573
ODDS	3	Pack01	2	IceberrySeed	Rare	12.57861635
ODDS	3	Pack01	2	WinterPineSeed	Legendary	5.805515239
ODDS	3	Pack01	2	CrystalLilySeed	Mythic	1.886792453
ODDS	3	Pack01	2	SilentFrostbellSeed	Secret	0.9675858732
ODDS	3	Pack01	2	PolarStarbloomSeed	Cosmic	0.290275762
ODDS	3	Pack01	2	WinterCrownwoodSeed	King	0.09675858732
ODDS	3	Pack01	3.5	SnowdropSeed	Uncommon	74.74048443
ODDS	3	Pack01	3.5	IceberrySeed	Rare	11.99538639
ODDS	3	Pack01	3.5	WinterPineSeed	Legendary	8.30449827
ODDS	3	Pack01	3.5	CrystalLilySeed	Mythic	2.698961938
ODDS	3	Pack01	3.5	SilentFrostbellSeed	Secret	1.614763552
ODDS	3	Pack01	3.5	PolarStarbloomSeed	Cosmic	0.4844290657
ODDS	3	Pack01	3.5	WinterCrownwoodSeed	King	0.1614763552
ODDS	3	Pack02	1	SnowdropSeed	Uncommon	63
ODDS	3	Pack02	1	IceberrySeed	Rare	25
ODDS	3	Pack02	1	WinterPineSeed	Legendary	8
ODDS	3	Pack02	1	CrystalLilySeed	Mythic	2.5
ODDS	3	Pack02	1	SilentFrostbellSeed	Secret	1
ODDS	3	Pack02	1	PolarStarbloomSeed	Cosmic	0.4
ODDS	3	Pack02	1	WinterCrownwoodSeed	King	0.1
ODDS	3	Pack02	1.15	SnowdropSeed	Uncommon	62.36851875
ODDS	3	Pack02	1.15	IceberrySeed	Rare	24.7494122
ODDS	3	Pack02	1.15	WinterPineSeed	Legendary	8.513797797
ODDS	3	Pack02	1.15	CrystalLilySeed	Mythic	2.660561812
ODDS	3	Pack02	1.15	SilentFrostbellSeed	Secret	1.138472961
ODDS	3	Pack02	1.15	PolarStarbloomSeed	Cosmic	0.4553891845
ODDS	3	Pack02	1.15	WinterCrownwoodSeed	King	0.1138472961
ODDS	3	Pack02	1.3	SnowdropSeed	Uncommon	61.74957118
ODDS	3	Pack02	1.3	IceberrySeed	Rare	24.50379809
ODDS	3	Pack02	1.3	WinterPineSeed	Legendary	9.017397697
ODDS	3	Pack02	1.3	CrystalLilySeed	Mythic	2.81793678
ODDS	3	Pack02	1.3	SilentFrostbellSeed	Secret	1.274197501
ODDS	3	Pack02	1.3	PolarStarbloomSeed	Cosmic	0.5096790002
ODDS	3	Pack02	1.3	WinterCrownwoodSeed	King	0.1274197501
ODDS	3	Pack02	1.5	SnowdropSeed	Uncommon	60.94316808
ODDS	3	Pack02	1.5	IceberrySeed	Rare	24.18379686
ODDS	3	Pack02	1.5	WinterPineSeed	Legendary	9.673518742
ODDS	3	Pack02	1.5	CrystalLilySeed	Mythic	3.022974607
ODDS	3	Pack02	1.5	SilentFrostbellSeed	Secret	1.451027811
ODDS	3	Pack02	1.5	PolarStarbloomSeed	Cosmic	0.5804111245
ODDS	3	Pack02	1.5	WinterCrownwoodSeed	King	0.1451027811
ODDS	3	Pack02	1.75	SnowdropSeed	Uncommon	59.96430696
ODDS	3	Pack02	1.75	IceberrySeed	Rare	23.7953599
ODDS	3	Pack02	1.75	WinterPineSeed	Legendary	10.46995836
ODDS	3	Pack02	1.75	CrystalLilySeed	Mythic	3.271861987
ODDS	3	Pack02	1.75	SilentFrostbellSeed	Secret	1.665675193
ODDS	3	Pack02	1.75	PolarStarbloomSeed	Cosmic	0.6662700773
ODDS	3	Pack02	1.75	WinterCrownwoodSeed	King	0.1665675193
ODDS	3	Pack02	2	SnowdropSeed	Uncommon	59.01639344
ODDS	3	Pack02	2	IceberrySeed	Rare	23.41920375
ODDS	3	Pack02	2	WinterPineSeed	Legendary	11.2412178
ODDS	3	Pack02	2	CrystalLilySeed	Mythic	3.512880562
ODDS	3	Pack02	2	SilentFrostbellSeed	Secret	1.8735363
ODDS	3	Pack02	2	PolarStarbloomSeed	Cosmic	0.7494145199
ODDS	3	Pack02	2	WinterCrownwoodSeed	King	0.18735363
ODDS	3	Pack02	3.5	SnowdropSeed	Uncommon	53.90374332
ODDS	3	Pack02	3.5	IceberrySeed	Rare	21.39037433
ODDS	3	Pack02	3.5	WinterPineSeed	Legendary	15.40106952
ODDS	3	Pack02	3.5	CrystalLilySeed	Mythic	4.812834225
ODDS	3	Pack02	3.5	SilentFrostbellSeed	Secret	2.994652406
ODDS	3	Pack02	3.5	PolarStarbloomSeed	Cosmic	1.197860963
ODDS	3	Pack02	3.5	WinterCrownwoodSeed	King	0.2994652406
ODDS	3	Pack03	1	SnowdropSeed	Uncommon	25
ODDS	3	Pack03	1	IceberrySeed	Rare	48
ODDS	3	Pack03	1	WinterPineSeed	Legendary	18
ODDS	3	Pack03	1	CrystalLilySeed	Mythic	6
ODDS	3	Pack03	1	SilentFrostbellSeed	Secret	2
ODDS	3	Pack03	1	PolarStarbloomSeed	Cosmic	0.8
ODDS	3	Pack03	1	WinterCrownwoodSeed	King	0.2
ODDS	3	Pack03	1.15	SnowdropSeed	Uncommon	24.44987775
ODDS	3	Pack03	1.15	IceberrySeed	Rare	46.94376528
ODDS	3	Pack03	1.15	WinterPineSeed	Legendary	18.92420538
ODDS	3	Pack03	1.15	CrystalLilySeed	Mythic	6.30806846
ODDS	3	Pack03	1.15	SilentFrostbellSeed	Secret	2.249388753
ODDS	3	Pack03	1.15	PolarStarbloomSeed	Cosmic	0.8997555012
ODDS	3	Pack03	1.15	WinterCrownwoodSeed	King	0.2249388753
ODDS	3	Pack03	1.3	SnowdropSeed	Uncommon	23.92344498
ODDS	3	Pack03	1.3	IceberrySeed	Rare	45.93301435
ODDS	3	Pack03	1.3	WinterPineSeed	Legendary	19.80861244
ODDS	3	Pack03	1.3	CrystalLilySeed	Mythic	6.602870813
ODDS	3	Pack03	1.3	SilentFrostbellSeed	Secret	2.488038278
ODDS	3	Pack03	1.3	PolarStarbloomSeed	Cosmic	0.995215311
ODDS	3	Pack03	1.3	WinterCrownwoodSeed	King	0.2488038278
ODDS	3	Pack03	1.5	SnowdropSeed	Uncommon	23.25581395
ODDS	3	Pack03	1.5	IceberrySeed	Rare	44.65116279
ODDS	3	Pack03	1.5	WinterPineSeed	Legendary	20.93023256
ODDS	3	Pack03	1.5	CrystalLilySeed	Mythic	6.976744186
ODDS	3	Pack03	1.5	SilentFrostbellSeed	Secret	2.790697674
ODDS	3	Pack03	1.5	PolarStarbloomSeed	Cosmic	1.11627907
ODDS	3	Pack03	1.5	WinterCrownwoodSeed	King	0.2790697674
ODDS	3	Pack03	1.75	SnowdropSeed	Uncommon	22.47191011
ODDS	3	Pack03	1.75	IceberrySeed	Rare	43.14606742
ODDS	3	Pack03	1.75	WinterPineSeed	Legendary	22.24719101
ODDS	3	Pack03	1.75	CrystalLilySeed	Mythic	7.415730337
ODDS	3	Pack03	1.75	SilentFrostbellSeed	Secret	3.146067416
ODDS	3	Pack03	1.75	PolarStarbloomSeed	Cosmic	1.258426966
ODDS	3	Pack03	1.75	WinterCrownwoodSeed	King	0.3146067416
ODDS	3	Pack03	2	SnowdropSeed	Uncommon	21.73913043
ODDS	3	Pack03	2	IceberrySeed	Rare	41.73913043
ODDS	3	Pack03	2	WinterPineSeed	Legendary	23.47826087
ODDS	3	Pack03	2	CrystalLilySeed	Mythic	7.826086957
ODDS	3	Pack03	2	SilentFrostbellSeed	Secret	3.47826087
ODDS	3	Pack03	2	PolarStarbloomSeed	Cosmic	1.391304348
ODDS	3	Pack03	2	WinterCrownwoodSeed	King	0.347826087
ODDS	3	Pack03	3.5	SnowdropSeed	Uncommon	18.18181818
ODDS	3	Pack03	3.5	IceberrySeed	Rare	34.90909091
ODDS	3	Pack03	3.5	WinterPineSeed	Legendary	29.45454545
ODDS	3	Pack03	3.5	CrystalLilySeed	Mythic	9.818181818
ODDS	3	Pack03	3.5	SilentFrostbellSeed	Secret	5.090909091
ODDS	3	Pack03	3.5	PolarStarbloomSeed	Cosmic	2.036363636
ODDS	3	Pack03	3.5	WinterCrownwoodSeed	King	0.5090909091
ODDS	3	Pack04	1	SnowdropSeed	Uncommon	0
ODDS	3	Pack04	1	IceberrySeed	Rare	45
ODDS	3	Pack04	1	WinterPineSeed	Legendary	32
ODDS	3	Pack04	1	CrystalLilySeed	Mythic	15
ODDS	3	Pack04	1	SilentFrostbellSeed	Secret	5
ODDS	3	Pack04	1	PolarStarbloomSeed	Cosmic	2.3
ODDS	3	Pack04	1	WinterCrownwoodSeed	King	0.7
ODDS	3	Pack04	1.15	SnowdropSeed	Uncommon	0
ODDS	3	Pack04	1.15	IceberrySeed	Rare	42.9696825
ODDS	3	Pack04	1.15	WinterPineSeed	Legendary	32.84793507
ODDS	3	Pack04	1.15	CrystalLilySeed	Mythic	15.39746956
ODDS	3	Pack04	1.15	SilentFrostbellSeed	Secret	5.490570542
ODDS	3	Pack04	1.15	PolarStarbloomSeed	Cosmic	2.525662449
ODDS	3	Pack04	1.15	WinterCrownwoodSeed	King	0.7686798759
ODDS	3	Pack04	1.3	SnowdropSeed	Uncommon	0
ODDS	3	Pack04	1.3	IceberrySeed	Rare	41.11466423
ODDS	3	Pack04	1.3	WinterPineSeed	Legendary	33.62265875
ODDS	3	Pack04	1.3	CrystalLilySeed	Mythic	15.76062129
ODDS	3	Pack04	1.3	SilentFrostbellSeed	Secret	5.938784833
ODDS	3	Pack04	1.3	PolarStarbloomSeed	Cosmic	2.731841023
ODDS	3	Pack04	1.3	WinterCrownwoodSeed	King	0.8314298767
ODDS	3	Pack04	1.5	SnowdropSeed	Uncommon	0
ODDS	3	Pack04	1.5	IceberrySeed	Rare	38.87688985
ODDS	3	Pack04	1.5	WinterPineSeed	Legendary	34.55723542
ODDS	3	Pack04	1.5	CrystalLilySeed	Mythic	16.1987041
ODDS	3	Pack04	1.5	SilentFrostbellSeed	Secret	6.479481641
ODDS	3	Pack04	1.5	PolarStarbloomSeed	Cosmic	2.980561555
ODDS	3	Pack04	1.5	WinterCrownwoodSeed	King	0.9071274298
ODDS	3	Pack04	1.75	SnowdropSeed	Uncommon	0
ODDS	3	Pack04	1.75	IceberrySeed	Rare	36.40040445
ODDS	3	Pack04	1.75	WinterPineSeed	Legendary	35.59150657
ODDS	3	Pack04	1.75	CrystalLilySeed	Mythic	16.68351871
ODDS	3	Pack04	1.75	SilentFrostbellSeed	Secret	7.077856421
ODDS	3	Pack04	1.75	PolarStarbloomSeed	Cosmic	3.255813953
ODDS	3	Pack04	1.75	WinterCrownwoodSeed	King	0.9908998989
ODDS	3	Pack04	2	SnowdropSeed	Uncommon	0
ODDS	3	Pack04	2	IceberrySeed	Rare	34.22053232
ODDS	3	Pack04	2	WinterPineSeed	Legendary	36.50190114
ODDS	3	Pack04	2	CrystalLilySeed	Mythic	17.11026616
ODDS	3	Pack04	2	SilentFrostbellSeed	Secret	7.604562738
ODDS	3	Pack04	2	PolarStarbloomSeed	Cosmic	3.498098859
ODDS	3	Pack04	2	WinterCrownwoodSeed	King	1.064638783
ODDS	3	Pack04	3.5	SnowdropSeed	Uncommon	0
ODDS	3	Pack04	3.5	IceberrySeed	Rare	25.17482517
ODDS	3	Pack04	3.5	WinterPineSeed	Legendary	40.27972028
ODDS	3	Pack04	3.5	CrystalLilySeed	Mythic	18.88111888
ODDS	3	Pack04	3.5	SilentFrostbellSeed	Secret	9.79020979
ODDS	3	Pack04	3.5	PolarStarbloomSeed	Cosmic	4.503496503
ODDS	3	Pack04	3.5	WinterCrownwoodSeed	King	1.370629371
ODDS	3	Pack05	1	SnowdropSeed	Uncommon	0
ODDS	3	Pack05	1	IceberrySeed	Rare	10
ODDS	3	Pack05	1	WinterPineSeed	Legendary	40
ODDS	3	Pack05	1	CrystalLilySeed	Mythic	30
ODDS	3	Pack05	1	SilentFrostbellSeed	Secret	12
ODDS	3	Pack05	1	PolarStarbloomSeed	Cosmic	6
ODDS	3	Pack05	1	WinterCrownwoodSeed	King	2
ODDS	3	Pack05	1.15	SnowdropSeed	Uncommon	0
ODDS	3	Pack05	1.15	IceberrySeed	Rare	9.237875289
ODDS	3	Pack05	1.15	WinterPineSeed	Legendary	39.72286374
ODDS	3	Pack05	1.15	CrystalLilySeed	Mythic	29.79214781
ODDS	3	Pack05	1.15	SilentFrostbellSeed	Secret	12.7482679
ODDS	3	Pack05	1.15	PolarStarbloomSeed	Cosmic	6.374133949
ODDS	3	Pack05	1.15	WinterCrownwoodSeed	King	2.124711316
ODDS	3	Pack05	1.3	SnowdropSeed	Uncommon	0
ODDS	3	Pack05	1.3	IceberrySeed	Rare	8.583690987
ODDS	3	Pack05	1.3	WinterPineSeed	Legendary	39.48497854
ODDS	3	Pack05	1.3	CrystalLilySeed	Mythic	29.61373391
ODDS	3	Pack05	1.3	SilentFrostbellSeed	Secret	13.39055794
ODDS	3	Pack05	1.3	PolarStarbloomSeed	Cosmic	6.69527897
ODDS	3	Pack05	1.3	WinterCrownwoodSeed	King	2.231759657
ODDS	3	Pack05	1.5	SnowdropSeed	Uncommon	0
ODDS	3	Pack05	1.5	IceberrySeed	Rare	7.843137255
ODDS	3	Pack05	1.5	WinterPineSeed	Legendary	39.21568627
ODDS	3	Pack05	1.5	CrystalLilySeed	Mythic	29.41176471
ODDS	3	Pack05	1.5	SilentFrostbellSeed	Secret	14.11764706
ODDS	3	Pack05	1.5	PolarStarbloomSeed	Cosmic	7.058823529
ODDS	3	Pack05	1.5	WinterCrownwoodSeed	King	2.352941176
ODDS	3	Pack05	1.75	SnowdropSeed	Uncommon	0
ODDS	3	Pack05	1.75	IceberrySeed	Rare	7.079646018
ODDS	3	Pack05	1.75	WinterPineSeed	Legendary	38.9380531
ODDS	3	Pack05	1.75	CrystalLilySeed	Mythic	29.20353982
ODDS	3	Pack05	1.75	SilentFrostbellSeed	Secret	14.86725664
ODDS	3	Pack05	1.75	PolarStarbloomSeed	Cosmic	7.433628319
ODDS	3	Pack05	1.75	WinterCrownwoodSeed	King	2.477876106
ODDS	3	Pack05	2	SnowdropSeed	Uncommon	0
ODDS	3	Pack05	2	IceberrySeed	Rare	6.451612903
ODDS	3	Pack05	2	WinterPineSeed	Legendary	38.70967742
ODDS	3	Pack05	2	CrystalLilySeed	Mythic	29.03225806
ODDS	3	Pack05	2	SilentFrostbellSeed	Secret	15.48387097
ODDS	3	Pack05	2	PolarStarbloomSeed	Cosmic	7.741935484
ODDS	3	Pack05	2	WinterCrownwoodSeed	King	2.580645161
ODDS	3	Pack05	3.5	SnowdropSeed	Uncommon	0
ODDS	3	Pack05	3.5	IceberrySeed	Rare	4.210526316
ODDS	3	Pack05	3.5	WinterPineSeed	Legendary	37.89473684
ODDS	3	Pack05	3.5	CrystalLilySeed	Mythic	28.42105263
ODDS	3	Pack05	3.5	SilentFrostbellSeed	Secret	17.68421053
ODDS	3	Pack05	3.5	PolarStarbloomSeed	Cosmic	8.842105263
ODDS	3	Pack05	3.5	WinterCrownwoodSeed	King	2.947368421
ODDS	3	Pack06	1	SnowdropSeed	Uncommon	0
ODDS	3	Pack06	1	IceberrySeed	Rare	0
ODDS	3	Pack06	1	WinterPineSeed	Legendary	20
ODDS	3	Pack06	1	CrystalLilySeed	Mythic	45
ODDS	3	Pack06	1	SilentFrostbellSeed	Secret	22
ODDS	3	Pack06	1	PolarStarbloomSeed	Cosmic	10
ODDS	3	Pack06	1	WinterCrownwoodSeed	King	3
ODDS	3	Pack06	1.15	SnowdropSeed	Uncommon	0
ODDS	3	Pack06	1.15	IceberrySeed	Rare	0
ODDS	3	Pack06	1.15	WinterPineSeed	Legendary	19.52326901
ODDS	3	Pack06	1.15	CrystalLilySeed	Mythic	43.92735528
ODDS	3	Pack06	1.15	SilentFrostbellSeed	Secret	22.9738933
ODDS	3	Pack06	1.15	PolarStarbloomSeed	Cosmic	10.44267877
ODDS	3	Pack06	1.15	WinterCrownwoodSeed	King	3.132803632
ODDS	3	Pack06	1.3	SnowdropSeed	Uncommon	0
ODDS	3	Pack06	1.3	IceberrySeed	Rare	0
ODDS	3	Pack06	1.3	WinterPineSeed	Legendary	19.12681913
ODDS	3	Pack06	1.3	CrystalLilySeed	Mythic	43.03534304
ODDS	3	Pack06	1.3	SilentFrostbellSeed	Secret	23.78378378
ODDS	3	Pack06	1.3	PolarStarbloomSeed	Cosmic	10.81081081
ODDS	3	Pack06	1.3	WinterCrownwoodSeed	King	3.243243243
ODDS	3	Pack06	1.5	SnowdropSeed	Uncommon	0
ODDS	3	Pack06	1.5	IceberrySeed	Rare	0
ODDS	3	Pack06	1.5	WinterPineSeed	Legendary	18.69158879
ODDS	3	Pack06	1.5	CrystalLilySeed	Mythic	42.05607477
ODDS	3	Pack06	1.5	SilentFrostbellSeed	Secret	24.6728972
ODDS	3	Pack06	1.5	PolarStarbloomSeed	Cosmic	11.21495327
ODDS	3	Pack06	1.5	WinterCrownwoodSeed	King	3.364485981
ODDS	3	Pack06	1.75	SnowdropSeed	Uncommon	0
ODDS	3	Pack06	1.75	IceberrySeed	Rare	0
ODDS	3	Pack06	1.75	WinterPineSeed	Legendary	18.25726141
ODDS	3	Pack06	1.75	CrystalLilySeed	Mythic	41.07883817
ODDS	3	Pack06	1.75	SilentFrostbellSeed	Secret	25.56016598
ODDS	3	Pack06	1.75	PolarStarbloomSeed	Cosmic	11.61825726
ODDS	3	Pack06	1.75	WinterCrownwoodSeed	King	3.485477178
ODDS	3	Pack06	2	SnowdropSeed	Uncommon	0
ODDS	3	Pack06	2	IceberrySeed	Rare	0
ODDS	3	Pack06	2	WinterPineSeed	Legendary	17.91044776
ODDS	3	Pack06	2	CrystalLilySeed	Mythic	40.29850746
ODDS	3	Pack06	2	SilentFrostbellSeed	Secret	26.26865672
ODDS	3	Pack06	2	PolarStarbloomSeed	Cosmic	11.94029851
ODDS	3	Pack06	2	WinterCrownwoodSeed	King	3.582089552
ODDS	3	Pack06	3.5	SnowdropSeed	Uncommon	0
ODDS	3	Pack06	3.5	IceberrySeed	Rare	0
ODDS	3	Pack06	3.5	WinterPineSeed	Legendary	16.74418605
ODDS	3	Pack06	3.5	CrystalLilySeed	Mythic	37.6744186
ODDS	3	Pack06	3.5	SilentFrostbellSeed	Secret	28.65116279
ODDS	3	Pack06	3.5	PolarStarbloomSeed	Cosmic	13.02325581
ODDS	3	Pack06	3.5	WinterCrownwoodSeed	King	3.906976744
ODDS	4	Pack01	1	FirePepperSeed	Rare	31.33333333
ODDS	4	Pack01	1	EmberBloomSeed	Rare	31.33333333
ODDS	4	Pack01	1	AshRoseSeed	Rare	31.33333333
ODDS	4	Pack01	1	LavaLotusSeed	Legendary	4
ODDS	4	Pack01	1	ObsidianMawSeed	Secret	1.8
ODDS	4	Pack01	1	SupernovaBloomSeed	Cosmic	0.15
ODDS	4	Pack01	1	EmberEmperorSeed	King	0.05
ODDS	4	Pack01	1.15	FirePepperSeed	Rare	31.14645461
ODDS	4	Pack01	1.15	EmberBloomSeed	Rare	31.14645461
ODDS	4	Pack01	1.15	AshRoseSeed	Rare	31.14645461
ODDS	4	Pack01	1.15	LavaLotusSeed	Legendary	4.274353877
ODDS	4	Pack01	1.15	ObsidianMawSeed	Secret	2.057654076
ODDS	4	Pack01	1.15	SupernovaBloomSeed	Cosmic	0.171471173
ODDS	4	Pack01	1.15	EmberEmperorSeed	King	0.05715705765
ODDS	4	Pack01	1.3	FirePepperSeed	Rare	30.96179183
ODDS	4	Pack01	1.3	EmberBloomSeed	Rare	30.96179183
ODDS	4	Pack01	1.3	AshRoseSeed	Rare	30.96179183
ODDS	4	Pack01	1.3	LavaLotusSeed	Legendary	4.545454545
ODDS	4	Pack01	1.3	ObsidianMawSeed	Secret	2.312252964
ODDS	4	Pack01	1.3	SupernovaBloomSeed	Cosmic	0.192687747
ODDS	4	Pack01	1.3	EmberEmperorSeed	King	0.06422924901
ODDS	4	Pack01	1.5	FirePepperSeed	Rare	30.71895425
ODDS	4	Pack01	1.5	EmberBloomSeed	Rare	30.71895425
ODDS	4	Pack01	1.5	AshRoseSeed	Rare	30.71895425
ODDS	4	Pack01	1.5	LavaLotusSeed	Legendary	4.901960784
ODDS	4	Pack01	1.5	ObsidianMawSeed	Secret	2.647058824
ODDS	4	Pack01	1.5	SupernovaBloomSeed	Cosmic	0.2205882353
ODDS	4	Pack01	1.5	EmberEmperorSeed	King	0.07352941176
ODDS	4	Pack01	1.75	FirePepperSeed	Rare	30.42071197
ODDS	4	Pack01	1.75	EmberBloomSeed	Rare	30.42071197
ODDS	4	Pack01	1.75	AshRoseSeed	Rare	30.42071197
ODDS	4	Pack01	1.75	LavaLotusSeed	Legendary	5.339805825
ODDS	4	Pack01	1.75	ObsidianMawSeed	Secret	3.058252427
ODDS	4	Pack01	1.75	SupernovaBloomSeed	Cosmic	0.2548543689
ODDS	4	Pack01	1.75	EmberEmperorSeed	King	0.08495145631
ODDS	4	Pack01	2	FirePepperSeed	Rare	30.12820513
ODDS	4	Pack01	2	EmberBloomSeed	Rare	30.12820513
ODDS	4	Pack01	2	AshRoseSeed	Rare	30.12820513
ODDS	4	Pack01	2	LavaLotusSeed	Legendary	5.769230769
ODDS	4	Pack01	2	ObsidianMawSeed	Secret	3.461538462
ODDS	4	Pack01	2	SupernovaBloomSeed	Cosmic	0.2884615385
ODDS	4	Pack01	2	EmberEmperorSeed	King	0.09615384615
ODDS	4	Pack01	3.5	FirePepperSeed	Rare	28.48484848
ODDS	4	Pack01	3.5	EmberBloomSeed	Rare	28.48484848
ODDS	4	Pack01	3.5	AshRoseSeed	Rare	28.48484848
ODDS	4	Pack01	3.5	LavaLotusSeed	Legendary	8.181818182
ODDS	4	Pack01	3.5	ObsidianMawSeed	Secret	5.727272727
ODDS	4	Pack01	3.5	SupernovaBloomSeed	Cosmic	0.4772727273
ODDS	4	Pack01	3.5	EmberEmperorSeed	King	0.1590909091
ODDS	4	Pack02	1	FirePepperSeed	Rare	29.33333333
ODDS	4	Pack02	1	EmberBloomSeed	Rare	29.33333333
ODDS	4	Pack02	1	AshRoseSeed	Rare	29.33333333
ODDS	4	Pack02	1	LavaLotusSeed	Legendary	8
ODDS	4	Pack02	1	ObsidianMawSeed	Secret	3.5
ODDS	4	Pack02	1	SupernovaBloomSeed	Cosmic	0.4
ODDS	4	Pack02	1	EmberEmperorSeed	King	0.1
ODDS	4	Pack02	1.15	FirePepperSeed	Rare	28.98550725
ODDS	4	Pack02	1.15	EmberBloomSeed	Rare	28.98550725
ODDS	4	Pack02	1.15	AshRoseSeed	Rare	28.98550725
ODDS	4	Pack02	1.15	LavaLotusSeed	Legendary	8.498023715
ODDS	4	Pack02	1.15	ObsidianMawSeed	Secret	3.977272727
ODDS	4	Pack02	1.15	SupernovaBloomSeed	Cosmic	0.4545454545
ODDS	4	Pack02	1.15	EmberEmperorSeed	King	0.1136363636
ODDS	4	Pack02	1.3	FirePepperSeed	Rare	28.64583333
ODDS	4	Pack02	1.3	EmberBloomSeed	Rare	28.64583333
ODDS	4	Pack02	1.3	AshRoseSeed	Rare	28.64583333
ODDS	4	Pack02	1.3	LavaLotusSeed	Legendary	8.984375
ODDS	4	Pack02	1.3	ObsidianMawSeed	Secret	4.443359375
ODDS	4	Pack02	1.3	SupernovaBloomSeed	Cosmic	0.5078125
ODDS	4	Pack02	1.3	EmberEmperorSeed	King	0.126953125
ODDS	4	Pack02	1.5	FirePepperSeed	Rare	28.20512821
ODDS	4	Pack02	1.5	EmberBloomSeed	Rare	28.20512821
ODDS	4	Pack02	1.5	AshRoseSeed	Rare	28.20512821
ODDS	4	Pack02	1.5	LavaLotusSeed	Legendary	9.615384615
ODDS	4	Pack02	1.5	ObsidianMawSeed	Secret	5.048076923
ODDS	4	Pack02	1.5	SupernovaBloomSeed	Cosmic	0.5769230769
ODDS	4	Pack02	1.5	EmberEmperorSeed	King	0.1442307692
ODDS	4	Pack02	1.75	FirePepperSeed	Rare	27.67295597
ODDS	4	Pack02	1.75	EmberBloomSeed	Rare	27.67295597
ODDS	4	Pack02	1.75	AshRoseSeed	Rare	27.67295597
ODDS	4	Pack02	1.75	LavaLotusSeed	Legendary	10.37735849
ODDS	4	Pack02	1.75	ObsidianMawSeed	Secret	5.778301887
ODDS	4	Pack02	1.75	SupernovaBloomSeed	Cosmic	0.6603773585
ODDS	4	Pack02	1.75	EmberEmperorSeed	King	0.1650943396
ODDS	4	Pack02	2	FirePepperSeed	Rare	27.16049383
ODDS	4	Pack02	2	EmberBloomSeed	Rare	27.16049383
ODDS	4	Pack02	2	AshRoseSeed	Rare	27.16049383
ODDS	4	Pack02	2	LavaLotusSeed	Legendary	11.11111111
ODDS	4	Pack02	2	ObsidianMawSeed	Secret	6.481481481
ODDS	4	Pack02	2	SupernovaBloomSeed	Cosmic	0.7407407407
ODDS	4	Pack02	2	EmberEmperorSeed	King	0.1851851852
ODDS	4	Pack02	3.5	FirePepperSeed	Rare	24.44444444
ODDS	4	Pack02	3.5	EmberBloomSeed	Rare	24.44444444
ODDS	4	Pack02	3.5	AshRoseSeed	Rare	24.44444444
ODDS	4	Pack02	3.5	LavaLotusSeed	Legendary	15
ODDS	4	Pack02	3.5	ObsidianMawSeed	Secret	10.20833333
ODDS	4	Pack02	3.5	SupernovaBloomSeed	Cosmic	1.166666667
ODDS	4	Pack02	3.5	EmberEmperorSeed	King	0.2916666667
ODDS	4	Pack03	1	FirePepperSeed	Rare	24.33333333
ODDS	4	Pack03	1	EmberBloomSeed	Rare	24.33333333
ODDS	4	Pack03	1	AshRoseSeed	Rare	24.33333333
ODDS	4	Pack03	1	LavaLotusSeed	Legendary	18
ODDS	4	Pack03	1	ObsidianMawSeed	Secret	8
ODDS	4	Pack03	1	SupernovaBloomSeed	Cosmic	0.8
ODDS	4	Pack03	1	EmberEmperorSeed	King	0.2
ODDS	4	Pack03	1.15	FirePepperSeed	Rare	23.69360597
ODDS	4	Pack03	1.15	EmberBloomSeed	Rare	23.69360597
ODDS	4	Pack03	1.15	AshRoseSeed	Rare	23.69360597
ODDS	4	Pack03	1.15	LavaLotusSeed	Legendary	18.8412853
ODDS	4	Pack03	1.15	ObsidianMawSeed	Secret	8.958130477
ODDS	4	Pack03	1.15	SupernovaBloomSeed	Cosmic	0.8958130477
ODDS	4	Pack03	1.15	EmberEmperorSeed	King	0.2239532619
ODDS	4	Pack03	1.3	FirePepperSeed	Rare	23.08665402
ODDS	4	Pack03	1.3	EmberBloomSeed	Rare	23.08665402
ODDS	4	Pack03	1.3	AshRoseSeed	Rare	23.08665402
ODDS	4	Pack03	1.3	LavaLotusSeed	Legendary	19.63946869
ODDS	4	Pack03	1.3	ObsidianMawSeed	Secret	9.867172676
ODDS	4	Pack03	1.3	SupernovaBloomSeed	Cosmic	0.9867172676
ODDS	4	Pack03	1.3	EmberEmperorSeed	King	0.2466793169
ODDS	4	Pack03	1.5	FirePepperSeed	Rare	22.32415902
ODDS	4	Pack03	1.5	EmberBloomSeed	Rare	22.32415902
ODDS	4	Pack03	1.5	AshRoseSeed	Rare	22.32415902
ODDS	4	Pack03	1.5	LavaLotusSeed	Legendary	20.64220183
ODDS	4	Pack03	1.5	ObsidianMawSeed	Secret	11.00917431
ODDS	4	Pack03	1.5	SupernovaBloomSeed	Cosmic	1.100917431
ODDS	4	Pack03	1.5	EmberEmperorSeed	King	0.2752293578
ODDS	4	Pack03	1.75	FirePepperSeed	Rare	21.43906021
ODDS	4	Pack03	1.75	EmberBloomSeed	Rare	21.43906021
ODDS	4	Pack03	1.75	AshRoseSeed	Rare	21.43906021
ODDS	4	Pack03	1.75	LavaLotusSeed	Legendary	21.8061674
ODDS	4	Pack03	1.75	ObsidianMawSeed	Secret	12.33480176
ODDS	4	Pack03	1.75	SupernovaBloomSeed	Cosmic	1.233480176
ODDS	4	Pack03	1.75	EmberEmperorSeed	King	0.3083700441
ODDS	4	Pack03	2	FirePepperSeed	Rare	20.62146893
ODDS	4	Pack03	2	EmberBloomSeed	Rare	20.62146893
ODDS	4	Pack03	2	AshRoseSeed	Rare	20.62146893
ODDS	4	Pack03	2	LavaLotusSeed	Legendary	22.88135593
ODDS	4	Pack03	2	ObsidianMawSeed	Secret	13.55932203
ODDS	4	Pack03	2	SupernovaBloomSeed	Cosmic	1.355932203
ODDS	4	Pack03	2	EmberEmperorSeed	King	0.3389830508
ODDS	4	Pack03	3.5	FirePepperSeed	Rare	16.7816092
ODDS	4	Pack03	3.5	EmberBloomSeed	Rare	16.7816092
ODDS	4	Pack03	3.5	AshRoseSeed	Rare	16.7816092
ODDS	4	Pack03	3.5	LavaLotusSeed	Legendary	27.93103448
ODDS	4	Pack03	3.5	ObsidianMawSeed	Secret	19.31034483
ODDS	4	Pack03	3.5	SupernovaBloomSeed	Cosmic	1.931034483
ODDS	4	Pack03	3.5	EmberEmperorSeed	King	0.4827586207
ODDS	4	Pack04	1	FirePepperSeed	Rare	15
ODDS	4	Pack04	1	EmberBloomSeed	Rare	15
ODDS	4	Pack04	1	AshRoseSeed	Rare	15
ODDS	4	Pack04	1	LavaLotusSeed	Legendary	32
ODDS	4	Pack04	1	ObsidianMawSeed	Secret	20
ODDS	4	Pack04	1	SupernovaBloomSeed	Cosmic	2.3
ODDS	4	Pack04	1	EmberEmperorSeed	King	0.7
ODDS	4	Pack04	1.15	FirePepperSeed	Rare	14.17099669
ODDS	4	Pack04	1.15	EmberBloomSeed	Rare	14.17099669
ODDS	4	Pack04	1.15	AshRoseSeed	Rare	14.17099669
ODDS	4	Pack04	1.15	LavaLotusSeed	Legendary	32.49881908
ODDS	4	Pack04	1.15	ObsidianMawSeed	Secret	21.7288616
ODDS	4	Pack04	1.15	SupernovaBloomSeed	Cosmic	2.498819084
ODDS	4	Pack04	1.15	EmberEmperorSeed	King	0.7605101559
ODDS	4	Pack04	1.3	FirePepperSeed	Rare	13.42882722
ODDS	4	Pack04	1.3	EmberBloomSeed	Rare	13.42882722
ODDS	4	Pack04	1.3	AshRoseSeed	Rare	13.42882722
ODDS	4	Pack04	1.3	LavaLotusSeed	Legendary	32.94538944
ODDS	4	Pack04	1.3	ObsidianMawSeed	Secret	23.27663384
ODDS	4	Pack04	1.3	SupernovaBloomSeed	Cosmic	2.676812892
ODDS	4	Pack04	1.3	EmberEmperorSeed	King	0.8146821844
ODDS	4	Pack04	1.5	FirePepperSeed	Rare	12.55230126
ODDS	4	Pack04	1.5	EmberBloomSeed	Rare	12.55230126
ODDS	4	Pack04	1.5	AshRoseSeed	Rare	12.55230126
ODDS	4	Pack04	1.5	LavaLotusSeed	Legendary	33.47280335
ODDS	4	Pack04	1.5	ObsidianMawSeed	Secret	25.10460251
ODDS	4	Pack04	1.5	SupernovaBloomSeed	Cosmic	2.887029289
ODDS	4	Pack04	1.5	EmberEmperorSeed	King	0.8786610879
ODDS	4	Pack04	1.75	FirePepperSeed	Rare	11.60541586
ODDS	4	Pack04	1.75	EmberBloomSeed	Rare	11.60541586
ODDS	4	Pack04	1.75	AshRoseSeed	Rare	11.60541586
ODDS	4	Pack04	1.75	LavaLotusSeed	Legendary	34.04255319
ODDS	4	Pack04	1.75	ObsidianMawSeed	Secret	27.07930368
ODDS	4	Pack04	1.75	SupernovaBloomSeed	Cosmic	3.114119923
ODDS	4	Pack04	1.75	EmberEmperorSeed	King	0.9477756286
ODDS	4	Pack04	2	FirePepperSeed	Rare	10.79136691
ODDS	4	Pack04	2	EmberBloomSeed	Rare	10.79136691
ODDS	4	Pack04	2	AshRoseSeed	Rare	10.79136691
ODDS	4	Pack04	2	LavaLotusSeed	Legendary	34.5323741
ODDS	4	Pack04	2	ObsidianMawSeed	Secret	28.77697842
ODDS	4	Pack04	2	SupernovaBloomSeed	Cosmic	3.309352518
ODDS	4	Pack04	2	EmberEmperorSeed	King	1.007194245
ODDS	4	Pack04	3.5	FirePepperSeed	Rare	7.594936709
ODDS	4	Pack04	3.5	EmberBloomSeed	Rare	7.594936709
ODDS	4	Pack04	3.5	AshRoseSeed	Rare	7.594936709
ODDS	4	Pack04	3.5	LavaLotusSeed	Legendary	36.4556962
ODDS	4	Pack04	3.5	ObsidianMawSeed	Secret	35.44303797
ODDS	4	Pack04	3.5	SupernovaBloomSeed	Cosmic	4.075949367
ODDS	4	Pack04	3.5	EmberEmperorSeed	King	1.240506329
ODDS	4	Pack05	1	FirePepperSeed	Rare	3.333333333
ODDS	4	Pack05	1	EmberBloomSeed	Rare	3.333333333
ODDS	4	Pack05	1	AshRoseSeed	Rare	3.333333333
ODDS	4	Pack05	1	LavaLotusSeed	Legendary	40
ODDS	4	Pack05	1	ObsidianMawSeed	Secret	42
ODDS	4	Pack05	1	SupernovaBloomSeed	Cosmic	6
ODDS	4	Pack05	1	EmberEmperorSeed	King	2
ODDS	4	Pack05	1.15	FirePepperSeed	Rare	3.016591252
ODDS	4	Pack05	1.15	EmberBloomSeed	Rare	3.016591252
ODDS	4	Pack05	1.15	AshRoseSeed	Rare	3.016591252
ODDS	4	Pack05	1.15	LavaLotusSeed	Legendary	38.91402715
ODDS	4	Pack05	1.15	ObsidianMawSeed	Secret	43.71040724
ODDS	4	Pack05	1.15	SupernovaBloomSeed	Cosmic	6.244343891
ODDS	4	Pack05	1.15	EmberEmperorSeed	King	2.081447964
ODDS	4	Pack05	1.3	FirePepperSeed	Rare	2.754820937
ODDS	4	Pack05	1.3	EmberBloomSeed	Rare	2.754820937
ODDS	4	Pack05	1.3	AshRoseSeed	Rare	2.754820937
ODDS	4	Pack05	1.3	LavaLotusSeed	Legendary	38.01652893
ODDS	4	Pack05	1.3	ObsidianMawSeed	Secret	45.12396694
ODDS	4	Pack05	1.3	SupernovaBloomSeed	Cosmic	6.446280992
ODDS	4	Pack05	1.3	EmberEmperorSeed	King	2.148760331
ODDS	4	Pack05	1.5	FirePepperSeed	Rare	2.469135802
ODDS	4	Pack05	1.5	EmberBloomSeed	Rare	2.469135802
ODDS	4	Pack05	1.5	AshRoseSeed	Rare	2.469135802
ODDS	4	Pack05	1.5	LavaLotusSeed	Legendary	37.03703704
ODDS	4	Pack05	1.5	ObsidianMawSeed	Secret	46.66666667
ODDS	4	Pack05	1.5	SupernovaBloomSeed	Cosmic	6.666666667
ODDS	4	Pack05	1.5	EmberEmperorSeed	King	2.222222222
ODDS	4	Pack05	1.75	FirePepperSeed	Rare	2.18579235
ODDS	4	Pack05	1.75	EmberBloomSeed	Rare	2.18579235
ODDS	4	Pack05	1.75	AshRoseSeed	Rare	2.18579235
ODDS	4	Pack05	1.75	LavaLotusSeed	Legendary	36.06557377
ODDS	4	Pack05	1.75	ObsidianMawSeed	Secret	48.19672131
ODDS	4	Pack05	1.75	SupernovaBloomSeed	Cosmic	6.885245902
ODDS	4	Pack05	1.75	EmberEmperorSeed	King	2.295081967
ODDS	4	Pack05	2	FirePepperSeed	Rare	1.960784314
ODDS	4	Pack05	2	EmberBloomSeed	Rare	1.960784314
ODDS	4	Pack05	2	AshRoseSeed	Rare	1.960784314
ODDS	4	Pack05	2	LavaLotusSeed	Legendary	35.29411765
ODDS	4	Pack05	2	ObsidianMawSeed	Secret	49.41176471
ODDS	4	Pack05	2	SupernovaBloomSeed	Cosmic	7.058823529
ODDS	4	Pack05	2	EmberEmperorSeed	King	2.352941176
ODDS	4	Pack05	3.5	FirePepperSeed	Rare	1.212121212
ODDS	4	Pack05	3.5	EmberBloomSeed	Rare	1.212121212
ODDS	4	Pack05	3.5	AshRoseSeed	Rare	1.212121212
ODDS	4	Pack05	3.5	LavaLotusSeed	Legendary	32.72727273
ODDS	4	Pack05	3.5	ObsidianMawSeed	Secret	53.45454545
ODDS	4	Pack05	3.5	SupernovaBloomSeed	Cosmic	7.636363636
ODDS	4	Pack05	3.5	EmberEmperorSeed	King	2.545454545
ODDS	4	Pack06	1	FirePepperSeed	Rare	0
ODDS	4	Pack06	1	EmberBloomSeed	Rare	0
ODDS	4	Pack06	1	AshRoseSeed	Rare	0
ODDS	4	Pack06	1	LavaLotusSeed	Legendary	20
ODDS	4	Pack06	1	ObsidianMawSeed	Secret	67
ODDS	4	Pack06	1	SupernovaBloomSeed	Cosmic	10
ODDS	4	Pack06	1	EmberEmperorSeed	King	3
ODDS	4	Pack06	1.15	FirePepperSeed	Rare	0
ODDS	4	Pack06	1.15	EmberBloomSeed	Rare	0
ODDS	4	Pack06	1.15	AshRoseSeed	Rare	0
ODDS	4	Pack06	1.15	LavaLotusSeed	Legendary	18.94273128
ODDS	4	Pack06	1.15	ObsidianMawSeed	Secret	67.88546256
ODDS	4	Pack06	1.15	SupernovaBloomSeed	Cosmic	10.13215859
ODDS	4	Pack06	1.15	EmberEmperorSeed	King	3.039647577
ODDS	4	Pack06	1.3	FirePepperSeed	Rare	0
ODDS	4	Pack06	1.3	EmberBloomSeed	Rare	0
ODDS	4	Pack06	1.3	AshRoseSeed	Rare	0
ODDS	4	Pack06	1.3	LavaLotusSeed	Legendary	18.11023622
ODDS	4	Pack06	1.3	ObsidianMawSeed	Secret	68.58267717
ODDS	4	Pack06	1.3	SupernovaBloomSeed	Cosmic	10.23622047
ODDS	4	Pack06	1.3	EmberEmperorSeed	King	3.070866142
ODDS	4	Pack06	1.5	FirePepperSeed	Rare	0
ODDS	4	Pack06	1.5	EmberBloomSeed	Rare	0
ODDS	4	Pack06	1.5	AshRoseSeed	Rare	0
ODDS	4	Pack06	1.5	LavaLotusSeed	Legendary	17.24137931
ODDS	4	Pack06	1.5	ObsidianMawSeed	Secret	69.31034483
ODDS	4	Pack06	1.5	SupernovaBloomSeed	Cosmic	10.34482759
ODDS	4	Pack06	1.5	EmberEmperorSeed	King	3.103448276
ODDS	4	Pack06	1.75	FirePepperSeed	Rare	0
ODDS	4	Pack06	1.75	EmberBloomSeed	Rare	0
ODDS	4	Pack06	1.75	AshRoseSeed	Rare	0
ODDS	4	Pack06	1.75	LavaLotusSeed	Legendary	16.41791045
ODDS	4	Pack06	1.75	ObsidianMawSeed	Secret	70
ODDS	4	Pack06	1.75	SupernovaBloomSeed	Cosmic	10.44776119
ODDS	4	Pack06	1.75	EmberEmperorSeed	King	3.134328358
ODDS	4	Pack06	2	FirePepperSeed	Rare	0
ODDS	4	Pack06	2	EmberBloomSeed	Rare	0
ODDS	4	Pack06	2	AshRoseSeed	Rare	0
ODDS	4	Pack06	2	LavaLotusSeed	Legendary	15.78947368
ODDS	4	Pack06	2	ObsidianMawSeed	Secret	70.52631579
ODDS	4	Pack06	2	SupernovaBloomSeed	Cosmic	10.52631579
ODDS	4	Pack06	2	EmberEmperorSeed	King	3.157894737
ODDS	4	Pack06	3.5	FirePepperSeed	Rare	0
ODDS	4	Pack06	3.5	EmberBloomSeed	Rare	0
ODDS	4	Pack06	3.5	AshRoseSeed	Rare	0
ODDS	4	Pack06	3.5	LavaLotusSeed	Legendary	13.84615385
ODDS	4	Pack06	3.5	ObsidianMawSeed	Secret	72.15384615
ODDS	4	Pack06	3.5	SupernovaBloomSeed	Cosmic	10.76923077
ODDS	4	Pack06	3.5	EmberEmperorSeed	King	3.230769231
ODDS	5	Pack01	1	AmethystSeed	Rare	31.33333333
ODDS	5	Pack01	1	PrismOrchidSeed	Rare	31.33333333
ODDS	5	Pack01	1	MoonflowerSeed	Rare	31.33333333
ODDS	5	Pack01	1	DiamondVineSeed	Mythic	5.3
ODDS	5	Pack01	1	HollowGeodeSeed	Secret	0.5
ODDS	5	Pack01	1	OrbitLotusSeed	Cosmic	0.15
ODDS	5	Pack01	1	PrismMonarchSeed	King	0.05
ODDS	5	Pack01	1.15	AmethystSeed	Rare	31.17667056
ODDS	5	Pack01	1.15	PrismOrchidSeed	Rare	31.17667056
ODDS	5	Pack01	1.15	MoonflowerSeed	Rare	31.17667056
ODDS	5	Pack01	1.15	DiamondVineSeed	Mythic	5.669013209
ODDS	5	Pack01	1.15	HollowGeodeSeed	Secret	0.5721250715
ODDS	5	Pack01	1.15	OrbitLotusSeed	Cosmic	0.1716375215
ODDS	5	Pack01	1.15	PrismMonarchSeed	King	0.05721250715
ODDS	5	Pack01	1.3	AmethystSeed	Rare	31.02156659
ODDS	5	Pack01	1.3	PrismOrchidSeed	Rare	31.02156659
ODDS	5	Pack01	1.3	MoonflowerSeed	Rare	31.02156659
ODDS	5	Pack01	1.3	DiamondVineSeed	Mythic	6.034354735
ODDS	5	Pack01	1.3	HollowGeodeSeed	Secret	0.6435324984
ODDS	5	Pack01	1.3	OrbitLotusSeed	Cosmic	0.1930597495
ODDS	5	Pack01	1.3	PrismMonarchSeed	King	0.06435324984
ODDS	5	Pack01	1.5	AmethystSeed	Rare	30.81714614
ODDS	5	Pack01	1.5	PrismOrchidSeed	Rare	30.81714614
ODDS	5	Pack01	1.5	MoonflowerSeed	Rare	30.81714614
ODDS	5	Pack01	1.5	DiamondVineSeed	Mythic	6.515859356
ODDS	5	Pack01	1.5	HollowGeodeSeed	Secret	0.7376444554
ODDS	5	Pack01	1.5	OrbitLotusSeed	Cosmic	0.2212933366
ODDS	5	Pack01	1.5	PrismMonarchSeed	King	0.07376444554
ODDS	5	Pack01	1.75	AmethystSeed	Rare	30.56537821
ODDS	5	Pack01	1.75	PrismOrchidSeed	Rare	30.56537821
ODDS	5	Pack01	1.75	MoonflowerSeed	Rare	30.56537821
ODDS	5	Pack01	1.75	DiamondVineSeed	Mythic	7.10888916
ODDS	5	Pack01	1.75	HollowGeodeSeed	Secret	0.8535544446
ODDS	5	Pack01	1.75	OrbitLotusSeed	Cosmic	0.2560663334
ODDS	5	Pack01	1.75	PrismMonarchSeed	King	0.08535544446
ODDS	5	Pack01	2	AmethystSeed	Rare	30.3176907
ODDS	5	Pack01	2	PrismOrchidSeed	Rare	30.3176907
ODDS	5	Pack01	2	MoonflowerSeed	Rare	30.3176907
ODDS	5	Pack01	2	DiamondVineSeed	Mythic	7.692307692
ODDS	5	Pack01	2	HollowGeodeSeed	Secret	0.9675858732
ODDS	5	Pack01	2	OrbitLotusSeed	Cosmic	0.290275762
ODDS	5	Pack01	2	PrismMonarchSeed	King	0.09675858732
ODDS	5	Pack01	3.5	AmethystSeed	Rare	28.91195694
ODDS	5	Pack01	3.5	PrismOrchidSeed	Rare	28.91195694
ODDS	5	Pack01	3.5	MoonflowerSeed	Rare	28.91195694
ODDS	5	Pack01	3.5	DiamondVineSeed	Mythic	11.00346021
ODDS	5	Pack01	3.5	HollowGeodeSeed	Secret	1.614763552
ODDS	5	Pack01	3.5	OrbitLotusSeed	Cosmic	0.4844290657
ODDS	5	Pack01	3.5	PrismMonarchSeed	King	0.1614763552
ODDS	5	Pack02	1	AmethystSeed	Rare	29.33333333
ODDS	5	Pack02	1	PrismOrchidSeed	Rare	29.33333333
ODDS	5	Pack02	1	MoonflowerSeed	Rare	29.33333333
ODDS	5	Pack02	1	DiamondVineSeed	Mythic	10.5
ODDS	5	Pack02	1	HollowGeodeSeed	Secret	1
ODDS	5	Pack02	1	OrbitLotusSeed	Cosmic	0.4
ODDS	5	Pack02	1	PrismMonarchSeed	King	0.1
ODDS	5	Pack02	1.15	AmethystSeed	Rare	29.03931032
ODDS	5	Pack02	1.15	PrismOrchidSeed	Rare	29.03931032
ODDS	5	Pack02	1.15	MoonflowerSeed	Rare	29.03931032
ODDS	5	Pack02	1.15	DiamondVineSeed	Mythic	11.17435961
ODDS	5	Pack02	1.15	HollowGeodeSeed	Secret	1.138472961
ODDS	5	Pack02	1.15	OrbitLotusSeed	Cosmic	0.4553891845
ODDS	5	Pack02	1.15	PrismMonarchSeed	King	0.1138472961
ODDS	5	Pack02	1.3	AmethystSeed	Rare	28.75112309
ODDS	5	Pack02	1.3	PrismOrchidSeed	Rare	28.75112309
ODDS	5	Pack02	1.3	MoonflowerSeed	Rare	28.75112309
ODDS	5	Pack02	1.3	DiamondVineSeed	Mythic	11.83533448
ODDS	5	Pack02	1.3	HollowGeodeSeed	Secret	1.274197501
ODDS	5	Pack02	1.3	OrbitLotusSeed	Cosmic	0.5096790002
ODDS	5	Pack02	1.3	PrismMonarchSeed	King	0.1274197501
ODDS	5	Pack02	1.5	AmethystSeed	Rare	28.37565498
ODDS	5	Pack02	1.5	PrismOrchidSeed	Rare	28.37565498
ODDS	5	Pack02	1.5	MoonflowerSeed	Rare	28.37565498
ODDS	5	Pack02	1.5	DiamondVineSeed	Mythic	12.69649335
ODDS	5	Pack02	1.5	HollowGeodeSeed	Secret	1.451027811
ODDS	5	Pack02	1.5	OrbitLotusSeed	Cosmic	0.5804111245
ODDS	5	Pack02	1.5	PrismMonarchSeed	King	0.1451027811
ODDS	5	Pack02	1.75	AmethystSeed	Rare	27.91988895
ODDS	5	Pack02	1.75	PrismOrchidSeed	Rare	27.91988895
ODDS	5	Pack02	1.75	MoonflowerSeed	Rare	27.91988895
ODDS	5	Pack02	1.75	DiamondVineSeed	Mythic	13.74182035
ODDS	5	Pack02	1.75	HollowGeodeSeed	Secret	1.665675193
ODDS	5	Pack02	1.75	OrbitLotusSeed	Cosmic	0.6662700773
ODDS	5	Pack02	1.75	PrismMonarchSeed	King	0.1665675193
ODDS	5	Pack02	2	AmethystSeed	Rare	27.4785324
ODDS	5	Pack02	2	PrismOrchidSeed	Rare	27.4785324
ODDS	5	Pack02	2	MoonflowerSeed	Rare	27.4785324
ODDS	5	Pack02	2	DiamondVineSeed	Mythic	14.75409836
ODDS	5	Pack02	2	HollowGeodeSeed	Secret	1.8735363
ODDS	5	Pack02	2	OrbitLotusSeed	Cosmic	0.7494145199
ODDS	5	Pack02	2	PrismMonarchSeed	King	0.18735363
ODDS	5	Pack02	3.5	AmethystSeed	Rare	25.09803922
ODDS	5	Pack02	3.5	PrismOrchidSeed	Rare	25.09803922
ODDS	5	Pack02	3.5	MoonflowerSeed	Rare	25.09803922
ODDS	5	Pack02	3.5	DiamondVineSeed	Mythic	20.21390374
ODDS	5	Pack02	3.5	HollowGeodeSeed	Secret	2.994652406
ODDS	5	Pack02	3.5	OrbitLotusSeed	Cosmic	1.197860963
ODDS	5	Pack02	3.5	PrismMonarchSeed	King	0.2994652406
ODDS	5	Pack03	1	AmethystSeed	Rare	24.33333333
ODDS	5	Pack03	1	PrismOrchidSeed	Rare	24.33333333
ODDS	5	Pack03	1	MoonflowerSeed	Rare	24.33333333
ODDS	5	Pack03	1	DiamondVineSeed	Mythic	24
ODDS	5	Pack03	1	HollowGeodeSeed	Secret	2
ODDS	5	Pack03	1	OrbitLotusSeed	Cosmic	0.8
ODDS	5	Pack03	1	PrismMonarchSeed	King	0.2
ODDS	5	Pack03	1.15	AmethystSeed	Rare	23.79788101
ODDS	5	Pack03	1.15	PrismOrchidSeed	Rare	23.79788101
ODDS	5	Pack03	1.15	MoonflowerSeed	Rare	23.79788101
ODDS	5	Pack03	1.15	DiamondVineSeed	Mythic	25.23227384
ODDS	5	Pack03	1.15	HollowGeodeSeed	Secret	2.249388753
ODDS	5	Pack03	1.15	OrbitLotusSeed	Cosmic	0.8997555012
ODDS	5	Pack03	1.15	PrismMonarchSeed	King	0.2249388753
ODDS	5	Pack03	1.3	AmethystSeed	Rare	23.28548644
ODDS	5	Pack03	1.3	PrismOrchidSeed	Rare	23.28548644
ODDS	5	Pack03	1.3	MoonflowerSeed	Rare	23.28548644
ODDS	5	Pack03	1.3	DiamondVineSeed	Mythic	26.41148325
ODDS	5	Pack03	1.3	HollowGeodeSeed	Secret	2.488038278
ODDS	5	Pack03	1.3	OrbitLotusSeed	Cosmic	0.995215311
ODDS	5	Pack03	1.3	PrismMonarchSeed	King	0.2488038278
ODDS	5	Pack03	1.5	AmethystSeed	Rare	22.63565891
ODDS	5	Pack03	1.5	PrismOrchidSeed	Rare	22.63565891
ODDS	5	Pack03	1.5	MoonflowerSeed	Rare	22.63565891
ODDS	5	Pack03	1.5	DiamondVineSeed	Mythic	27.90697674
ODDS	5	Pack03	1.5	HollowGeodeSeed	Secret	2.790697674
ODDS	5	Pack03	1.5	OrbitLotusSeed	Cosmic	1.11627907
ODDS	5	Pack03	1.5	PrismMonarchSeed	King	0.2790697674
ODDS	5	Pack03	1.75	AmethystSeed	Rare	21.87265918
ODDS	5	Pack03	1.75	PrismOrchidSeed	Rare	21.87265918
ODDS	5	Pack03	1.75	MoonflowerSeed	Rare	21.87265918
ODDS	5	Pack03	1.75	DiamondVineSeed	Mythic	29.66292135
ODDS	5	Pack03	1.75	HollowGeodeSeed	Secret	3.146067416
ODDS	5	Pack03	1.75	OrbitLotusSeed	Cosmic	1.258426966
ODDS	5	Pack03	1.75	PrismMonarchSeed	King	0.3146067416
ODDS	5	Pack03	2	AmethystSeed	Rare	21.15942029
ODDS	5	Pack03	2	PrismOrchidSeed	Rare	21.15942029
ODDS	5	Pack03	2	MoonflowerSeed	Rare	21.15942029
ODDS	5	Pack03	2	DiamondVineSeed	Mythic	31.30434783
ODDS	5	Pack03	2	HollowGeodeSeed	Secret	3.47826087
ODDS	5	Pack03	2	OrbitLotusSeed	Cosmic	1.391304348
ODDS	5	Pack03	2	PrismMonarchSeed	King	0.347826087
ODDS	5	Pack03	3.5	AmethystSeed	Rare	17.6969697
ODDS	5	Pack03	3.5	PrismOrchidSeed	Rare	17.6969697
ODDS	5	Pack03	3.5	MoonflowerSeed	Rare	17.6969697
ODDS	5	Pack03	3.5	DiamondVineSeed	Mythic	39.27272727
ODDS	5	Pack03	3.5	HollowGeodeSeed	Secret	5.090909091
ODDS	5	Pack03	3.5	OrbitLotusSeed	Cosmic	2.036363636
ODDS	5	Pack03	3.5	PrismMonarchSeed	King	0.5090909091
ODDS	5	Pack04	1	AmethystSeed	Rare	15
ODDS	5	Pack04	1	PrismOrchidSeed	Rare	15
ODDS	5	Pack04	1	MoonflowerSeed	Rare	15
ODDS	5	Pack04	1	DiamondVineSeed	Mythic	47
ODDS	5	Pack04	1	HollowGeodeSeed	Secret	5
ODDS	5	Pack04	1	OrbitLotusSeed	Cosmic	2.3
ODDS	5	Pack04	1	PrismMonarchSeed	King	0.7
ODDS	5	Pack04	1.15	AmethystSeed	Rare	14.3232275
ODDS	5	Pack04	1.15	PrismOrchidSeed	Rare	14.3232275
ODDS	5	Pack04	1.15	MoonflowerSeed	Rare	14.3232275
ODDS	5	Pack04	1.15	DiamondVineSeed	Mythic	48.24540463
ODDS	5	Pack04	1.15	HollowGeodeSeed	Secret	5.490570542
ODDS	5	Pack04	1.15	OrbitLotusSeed	Cosmic	2.525662449
ODDS	5	Pack04	1.15	PrismMonarchSeed	King	0.7686798759
ODDS	5	Pack04	1.3	AmethystSeed	Rare	13.70488808
ODDS	5	Pack04	1.3	PrismOrchidSeed	Rare	13.70488808
ODDS	5	Pack04	1.3	MoonflowerSeed	Rare	13.70488808
ODDS	5	Pack04	1.3	DiamondVineSeed	Mythic	49.38328004
ODDS	5	Pack04	1.3	HollowGeodeSeed	Secret	5.938784833
ODDS	5	Pack04	1.3	OrbitLotusSeed	Cosmic	2.731841023
ODDS	5	Pack04	1.3	PrismMonarchSeed	King	0.8314298767
ODDS	5	Pack04	1.5	AmethystSeed	Rare	12.95896328
ODDS	5	Pack04	1.5	PrismOrchidSeed	Rare	12.95896328
ODDS	5	Pack04	1.5	MoonflowerSeed	Rare	12.95896328
ODDS	5	Pack04	1.5	DiamondVineSeed	Mythic	50.75593952
ODDS	5	Pack04	1.5	HollowGeodeSeed	Secret	6.479481641
ODDS	5	Pack04	1.5	OrbitLotusSeed	Cosmic	2.980561555
ODDS	5	Pack04	1.5	PrismMonarchSeed	King	0.9071274298
ODDS	5	Pack04	1.75	AmethystSeed	Rare	12.13346815
ODDS	5	Pack04	1.75	PrismOrchidSeed	Rare	12.13346815
ODDS	5	Pack04	1.75	MoonflowerSeed	Rare	12.13346815
ODDS	5	Pack04	1.75	DiamondVineSeed	Mythic	52.27502528
ODDS	5	Pack04	1.75	HollowGeodeSeed	Secret	7.077856421
ODDS	5	Pack04	1.75	OrbitLotusSeed	Cosmic	3.255813953
ODDS	5	Pack04	1.75	PrismMonarchSeed	King	0.9908998989
ODDS	5	Pack04	2	AmethystSeed	Rare	11.40684411
ODDS	5	Pack04	2	PrismOrchidSeed	Rare	11.40684411
ODDS	5	Pack04	2	MoonflowerSeed	Rare	11.40684411
ODDS	5	Pack04	2	DiamondVineSeed	Mythic	53.6121673
ODDS	5	Pack04	2	HollowGeodeSeed	Secret	7.604562738
ODDS	5	Pack04	2	OrbitLotusSeed	Cosmic	3.498098859
ODDS	5	Pack04	2	PrismMonarchSeed	King	1.064638783
ODDS	5	Pack04	3.5	AmethystSeed	Rare	8.391608392
ODDS	5	Pack04	3.5	PrismOrchidSeed	Rare	8.391608392
ODDS	5	Pack04	3.5	MoonflowerSeed	Rare	8.391608392
ODDS	5	Pack04	3.5	DiamondVineSeed	Mythic	59.16083916
ODDS	5	Pack04	3.5	HollowGeodeSeed	Secret	9.79020979
ODDS	5	Pack04	3.5	OrbitLotusSeed	Cosmic	4.503496503
ODDS	5	Pack04	3.5	PrismMonarchSeed	King	1.370629371
ODDS	5	Pack05	1	AmethystSeed	Rare	3.333333333
ODDS	5	Pack05	1	PrismOrchidSeed	Rare	3.333333333
ODDS	5	Pack05	1	MoonflowerSeed	Rare	3.333333333
ODDS	5	Pack05	1	DiamondVineSeed	Mythic	70
ODDS	5	Pack05	1	HollowGeodeSeed	Secret	12
ODDS	5	Pack05	1	OrbitLotusSeed	Cosmic	6
ODDS	5	Pack05	1	PrismMonarchSeed	King	2
ODDS	5	Pack05	1.15	AmethystSeed	Rare	3.079291763
ODDS	5	Pack05	1.15	PrismOrchidSeed	Rare	3.079291763
ODDS	5	Pack05	1.15	MoonflowerSeed	Rare	3.079291763
ODDS	5	Pack05	1.15	DiamondVineSeed	Mythic	69.51501155
ODDS	5	Pack05	1.15	HollowGeodeSeed	Secret	12.7482679
ODDS	5	Pack05	1.15	OrbitLotusSeed	Cosmic	6.374133949
ODDS	5	Pack05	1.15	PrismMonarchSeed	King	2.124711316
ODDS	5	Pack05	1.3	AmethystSeed	Rare	2.861230329
ODDS	5	Pack05	1.3	PrismOrchidSeed	Rare	2.861230329
ODDS	5	Pack05	1.3	MoonflowerSeed	Rare	2.861230329
ODDS	5	Pack05	1.3	DiamondVineSeed	Mythic	69.09871245
ODDS	5	Pack05	1.3	HollowGeodeSeed	Secret	13.39055794
ODDS	5	Pack05	1.3	OrbitLotusSeed	Cosmic	6.69527897
ODDS	5	Pack05	1.3	PrismMonarchSeed	King	2.231759657
ODDS	5	Pack05	1.5	AmethystSeed	Rare	2.614379085
ODDS	5	Pack05	1.5	PrismOrchidSeed	Rare	2.614379085
ODDS	5	Pack05	1.5	MoonflowerSeed	Rare	2.614379085
ODDS	5	Pack05	1.5	DiamondVineSeed	Mythic	68.62745098
ODDS	5	Pack05	1.5	HollowGeodeSeed	Secret	14.11764706
ODDS	5	Pack05	1.5	OrbitLotusSeed	Cosmic	7.058823529
ODDS	5	Pack05	1.5	PrismMonarchSeed	King	2.352941176
ODDS	5	Pack05	1.75	AmethystSeed	Rare	2.359882006
ODDS	5	Pack05	1.75	PrismOrchidSeed	Rare	2.359882006
ODDS	5	Pack05	1.75	MoonflowerSeed	Rare	2.359882006
ODDS	5	Pack05	1.75	DiamondVineSeed	Mythic	68.14159292
ODDS	5	Pack05	1.75	HollowGeodeSeed	Secret	14.86725664
ODDS	5	Pack05	1.75	OrbitLotusSeed	Cosmic	7.433628319
ODDS	5	Pack05	1.75	PrismMonarchSeed	King	2.477876106
ODDS	5	Pack05	2	AmethystSeed	Rare	2.150537634
ODDS	5	Pack05	2	PrismOrchidSeed	Rare	2.150537634
ODDS	5	Pack05	2	MoonflowerSeed	Rare	2.150537634
ODDS	5	Pack05	2	DiamondVineSeed	Mythic	67.74193548
ODDS	5	Pack05	2	HollowGeodeSeed	Secret	15.48387097
ODDS	5	Pack05	2	OrbitLotusSeed	Cosmic	7.741935484
ODDS	5	Pack05	2	PrismMonarchSeed	King	2.580645161
ODDS	5	Pack05	3.5	AmethystSeed	Rare	1.403508772
ODDS	5	Pack05	3.5	PrismOrchidSeed	Rare	1.403508772
ODDS	5	Pack05	3.5	MoonflowerSeed	Rare	1.403508772
ODDS	5	Pack05	3.5	DiamondVineSeed	Mythic	66.31578947
ODDS	5	Pack05	3.5	HollowGeodeSeed	Secret	17.68421053
ODDS	5	Pack05	3.5	OrbitLotusSeed	Cosmic	8.842105263
ODDS	5	Pack05	3.5	PrismMonarchSeed	King	2.947368421
ODDS	5	Pack06	1	AmethystSeed	Rare	0
ODDS	5	Pack06	1	PrismOrchidSeed	Rare	0
ODDS	5	Pack06	1	MoonflowerSeed	Rare	0
ODDS	5	Pack06	1	DiamondVineSeed	Mythic	65
ODDS	5	Pack06	1	HollowGeodeSeed	Secret	22
ODDS	5	Pack06	1	OrbitLotusSeed	Cosmic	10
ODDS	5	Pack06	1	PrismMonarchSeed	King	3
ODDS	5	Pack06	1.15	AmethystSeed	Rare	0
ODDS	5	Pack06	1.15	PrismOrchidSeed	Rare	0
ODDS	5	Pack06	1.15	MoonflowerSeed	Rare	0
ODDS	5	Pack06	1.15	DiamondVineSeed	Mythic	63.45062429
ODDS	5	Pack06	1.15	HollowGeodeSeed	Secret	22.9738933
ODDS	5	Pack06	1.15	OrbitLotusSeed	Cosmic	10.44267877
ODDS	5	Pack06	1.15	PrismMonarchSeed	King	3.132803632
ODDS	5	Pack06	1.3	AmethystSeed	Rare	0
ODDS	5	Pack06	1.3	PrismOrchidSeed	Rare	0
ODDS	5	Pack06	1.3	MoonflowerSeed	Rare	0
ODDS	5	Pack06	1.3	DiamondVineSeed	Mythic	62.16216216
ODDS	5	Pack06	1.3	HollowGeodeSeed	Secret	23.78378378
ODDS	5	Pack06	1.3	OrbitLotusSeed	Cosmic	10.81081081
ODDS	5	Pack06	1.3	PrismMonarchSeed	King	3.243243243
ODDS	5	Pack06	1.5	AmethystSeed	Rare	0
ODDS	5	Pack06	1.5	PrismOrchidSeed	Rare	0
ODDS	5	Pack06	1.5	MoonflowerSeed	Rare	0
ODDS	5	Pack06	1.5	DiamondVineSeed	Mythic	60.74766355
ODDS	5	Pack06	1.5	HollowGeodeSeed	Secret	24.6728972
ODDS	5	Pack06	1.5	OrbitLotusSeed	Cosmic	11.21495327
ODDS	5	Pack06	1.5	PrismMonarchSeed	King	3.364485981
ODDS	5	Pack06	1.75	AmethystSeed	Rare	0
ODDS	5	Pack06	1.75	PrismOrchidSeed	Rare	0
ODDS	5	Pack06	1.75	MoonflowerSeed	Rare	0
ODDS	5	Pack06	1.75	DiamondVineSeed	Mythic	59.33609959
ODDS	5	Pack06	1.75	HollowGeodeSeed	Secret	25.56016598
ODDS	5	Pack06	1.75	OrbitLotusSeed	Cosmic	11.61825726
ODDS	5	Pack06	1.75	PrismMonarchSeed	King	3.485477178
ODDS	5	Pack06	2	AmethystSeed	Rare	0
ODDS	5	Pack06	2	PrismOrchidSeed	Rare	0
ODDS	5	Pack06	2	MoonflowerSeed	Rare	0
ODDS	5	Pack06	2	DiamondVineSeed	Mythic	58.20895522
ODDS	5	Pack06	2	HollowGeodeSeed	Secret	26.26865672
ODDS	5	Pack06	2	OrbitLotusSeed	Cosmic	11.94029851
ODDS	5	Pack06	2	PrismMonarchSeed	King	3.582089552
ODDS	5	Pack06	3.5	AmethystSeed	Rare	0
ODDS	5	Pack06	3.5	PrismOrchidSeed	Rare	0
ODDS	5	Pack06	3.5	MoonflowerSeed	Rare	0
ODDS	5	Pack06	3.5	DiamondVineSeed	Mythic	54.41860465
ODDS	5	Pack06	3.5	HollowGeodeSeed	Secret	28.65116279
ODDS	5	Pack06	3.5	OrbitLotusSeed	Cosmic	13.02325581
ODDS	5	Pack06	3.5	PrismMonarchSeed	King	3.906976744
ODDS	7	Pack01	1	SparkReedSeed	Rare	47
ODDS	7	Pack01	1	ThunderTulipSeed	Rare	47
ODDS	7	Pack01	1	VoltOrchidSeed	Legendary	4
ODDS	7	Pack01	1	TempestLotusSeed	Mythic	1.3
ODDS	7	Pack01	1	BlackoutBloomSeed	Secret	0.5
ODDS	7	Pack01	1	PulsarStarfruitSeed	King	0.05
ODDS	7	Pack01	1	StormSovereignSeed	Cosmic	0.15
ODDS	7	Pack01	1.15	SparkReedSeed	Rare	46.76500585
ODDS	7	Pack01	1.15	ThunderTulipSeed	Rare	46.76500585
ODDS	7	Pack01	1.15	VoltOrchidSeed	Legendary	4.278500535
ODDS	7	Pack01	1.15	TempestLotusSeed	Mythic	1.390512674
ODDS	7	Pack01	1.15	BlackoutBloomSeed	Secret	0.5721250715
ODDS	7	Pack01	1.15	PulsarStarfruitSeed	King	0.05721250715
ODDS	7	Pack01	1.15	StormSovereignSeed	Cosmic	0.1716375215
ODDS	7	Pack01	1.3	SparkReedSeed	Rare	46.53234988
ODDS	7	Pack01	1.3	ThunderTulipSeed	Rare	46.53234988
ODDS	7	Pack01	1.3	VoltOrchidSeed	Legendary	4.554229989
ODDS	7	Pack01	1.3	TempestLotusSeed	Mythic	1.480124746
ODDS	7	Pack01	1.3	BlackoutBloomSeed	Secret	0.6435324984
ODDS	7	Pack01	1.3	PulsarStarfruitSeed	King	0.06435324984
ODDS	7	Pack01	1.3	StormSovereignSeed	Cosmic	0.1930597495
ODDS	7	Pack01	1.5	SparkReedSeed	Rare	46.2257192
ODDS	7	Pack01	1.5	ThunderTulipSeed	Rare	46.2257192
ODDS	7	Pack01	1.5	VoltOrchidSeed	Legendary	4.917629702
ODDS	7	Pack01	1.5	TempestLotusSeed	Mythic	1.598229653
ODDS	7	Pack01	1.5	BlackoutBloomSeed	Secret	0.7376444554
ODDS	7	Pack01	1.5	PulsarStarfruitSeed	King	0.07376444554
ODDS	7	Pack01	1.5	StormSovereignSeed	Cosmic	0.2212933366
ODDS	7	Pack01	1.75	SparkReedSeed	Rare	45.84806731
ODDS	7	Pack01	1.75	ThunderTulipSeed	Rare	45.84806731
ODDS	7	Pack01	1.75	VoltOrchidSeed	Legendary	5.365199366
ODDS	7	Pack01	1.75	TempestLotusSeed	Mythic	1.743689794
ODDS	7	Pack01	1.75	BlackoutBloomSeed	Secret	0.8535544446
ODDS	7	Pack01	1.75	PulsarStarfruitSeed	King	0.08535544446
ODDS	7	Pack01	1.75	StormSovereignSeed	Cosmic	0.2560663334
ODDS	7	Pack01	2	SparkReedSeed	Rare	45.47653604
ODDS	7	Pack01	2	ThunderTulipSeed	Rare	45.47653604
ODDS	7	Pack01	2	VoltOrchidSeed	Legendary	5.805515239
ODDS	7	Pack01	2	TempestLotusSeed	Mythic	1.886792453
ODDS	7	Pack01	2	BlackoutBloomSeed	Secret	0.9675858732
ODDS	7	Pack01	2	PulsarStarfruitSeed	King	0.09675858732
ODDS	7	Pack01	2	StormSovereignSeed	Cosmic	0.290275762
ODDS	7	Pack01	3.5	SparkReedSeed	Rare	43.36793541
ODDS	7	Pack01	3.5	ThunderTulipSeed	Rare	43.36793541
ODDS	7	Pack01	3.5	VoltOrchidSeed	Legendary	8.30449827
ODDS	7	Pack01	3.5	TempestLotusSeed	Mythic	2.698961938
ODDS	7	Pack01	3.5	BlackoutBloomSeed	Secret	1.614763552
ODDS	7	Pack01	3.5	PulsarStarfruitSeed	King	0.1614763552
ODDS	7	Pack01	3.5	StormSovereignSeed	Cosmic	0.4844290657
ODDS	7	Pack02	1	SparkReedSeed	Rare	44
ODDS	7	Pack02	1	ThunderTulipSeed	Rare	44
ODDS	7	Pack02	1	VoltOrchidSeed	Legendary	8
ODDS	7	Pack02	1	TempestLotusSeed	Mythic	2.5
ODDS	7	Pack02	1	BlackoutBloomSeed	Secret	1
ODDS	7	Pack02	1	PulsarStarfruitSeed	King	0.1
ODDS	7	Pack02	1	StormSovereignSeed	Cosmic	0.4
ODDS	7	Pack02	1.15	SparkReedSeed	Rare	43.55896547
ODDS	7	Pack02	1.15	ThunderTulipSeed	Rare	43.55896547
ODDS	7	Pack02	1.15	VoltOrchidSeed	Legendary	8.513797797
ODDS	7	Pack02	1.15	TempestLotusSeed	Mythic	2.660561812
ODDS	7	Pack02	1.15	BlackoutBloomSeed	Secret	1.138472961
ODDS	7	Pack02	1.15	PulsarStarfruitSeed	King	0.1138472961
ODDS	7	Pack02	1.15	StormSovereignSeed	Cosmic	0.4553891845
ODDS	7	Pack02	1.3	SparkReedSeed	Rare	43.12668464
ODDS	7	Pack02	1.3	ThunderTulipSeed	Rare	43.12668464
ODDS	7	Pack02	1.3	VoltOrchidSeed	Legendary	9.017397697
ODDS	7	Pack02	1.3	TempestLotusSeed	Mythic	2.81793678
ODDS	7	Pack02	1.3	BlackoutBloomSeed	Secret	1.274197501
ODDS	7	Pack02	1.3	PulsarStarfruitSeed	King	0.1274197501
ODDS	7	Pack02	1.3	StormSovereignSeed	Cosmic	0.5096790002
ODDS	7	Pack02	1.5	SparkReedSeed	Rare	42.56348247
ODDS	7	Pack02	1.5	ThunderTulipSeed	Rare	42.56348247
ODDS	7	Pack02	1.5	VoltOrchidSeed	Legendary	9.673518742
ODDS	7	Pack02	1.5	TempestLotusSeed	Mythic	3.022974607
ODDS	7	Pack02	1.5	BlackoutBloomSeed	Secret	1.451027811
ODDS	7	Pack02	1.5	PulsarStarfruitSeed	King	0.1451027811
ODDS	7	Pack02	1.5	StormSovereignSeed	Cosmic	0.5804111245
ODDS	7	Pack02	1.75	SparkReedSeed	Rare	41.87983343
ODDS	7	Pack02	1.75	ThunderTulipSeed	Rare	41.87983343
ODDS	7	Pack02	1.75	VoltOrchidSeed	Legendary	10.46995836
ODDS	7	Pack02	1.75	TempestLotusSeed	Mythic	3.271861987
ODDS	7	Pack02	1.75	BlackoutBloomSeed	Secret	1.665675193
ODDS	7	Pack02	1.75	PulsarStarfruitSeed	King	0.1665675193
ODDS	7	Pack02	1.75	StormSovereignSeed	Cosmic	0.6662700773
ODDS	7	Pack02	2	SparkReedSeed	Rare	41.21779859
ODDS	7	Pack02	2	ThunderTulipSeed	Rare	41.21779859
ODDS	7	Pack02	2	VoltOrchidSeed	Legendary	11.2412178
ODDS	7	Pack02	2	TempestLotusSeed	Mythic	3.512880562
ODDS	7	Pack02	2	BlackoutBloomSeed	Secret	1.8735363
ODDS	7	Pack02	2	PulsarStarfruitSeed	King	0.18735363
ODDS	7	Pack02	2	StormSovereignSeed	Cosmic	0.7494145199
ODDS	7	Pack02	3.5	SparkReedSeed	Rare	37.64705882
ODDS	7	Pack02	3.5	ThunderTulipSeed	Rare	37.64705882
ODDS	7	Pack02	3.5	VoltOrchidSeed	Legendary	15.40106952
ODDS	7	Pack02	3.5	TempestLotusSeed	Mythic	4.812834225
ODDS	7	Pack02	3.5	BlackoutBloomSeed	Secret	2.994652406
ODDS	7	Pack02	3.5	PulsarStarfruitSeed	King	0.2994652406
ODDS	7	Pack02	3.5	StormSovereignSeed	Cosmic	1.197860963
ODDS	7	Pack03	1	SparkReedSeed	Rare	36.5
ODDS	7	Pack03	1	ThunderTulipSeed	Rare	36.5
ODDS	7	Pack03	1	VoltOrchidSeed	Legendary	18
ODDS	7	Pack03	1	TempestLotusSeed	Mythic	6
ODDS	7	Pack03	1	BlackoutBloomSeed	Secret	2
ODDS	7	Pack03	1	PulsarStarfruitSeed	King	0.2
ODDS	7	Pack03	1	StormSovereignSeed	Cosmic	0.8
ODDS	7	Pack03	1.15	SparkReedSeed	Rare	35.69682152
ODDS	7	Pack03	1.15	ThunderTulipSeed	Rare	35.69682152
ODDS	7	Pack03	1.15	VoltOrchidSeed	Legendary	18.92420538
ODDS	7	Pack03	1.15	TempestLotusSeed	Mythic	6.30806846
ODDS	7	Pack03	1.15	BlackoutBloomSeed	Secret	2.249388753
ODDS	7	Pack03	1.15	PulsarStarfruitSeed	King	0.2249388753
ODDS	7	Pack03	1.15	StormSovereignSeed	Cosmic	0.8997555012
ODDS	7	Pack03	1.3	SparkReedSeed	Rare	34.92822967
ODDS	7	Pack03	1.3	ThunderTulipSeed	Rare	34.92822967
ODDS	7	Pack03	1.3	VoltOrchidSeed	Legendary	19.80861244
ODDS	7	Pack03	1.3	TempestLotusSeed	Mythic	6.602870813
ODDS	7	Pack03	1.3	BlackoutBloomSeed	Secret	2.488038278
ODDS	7	Pack03	1.3	PulsarStarfruitSeed	King	0.2488038278
ODDS	7	Pack03	1.3	StormSovereignSeed	Cosmic	0.995215311
ODDS	7	Pack03	1.5	SparkReedSeed	Rare	33.95348837
ODDS	7	Pack03	1.5	ThunderTulipSeed	Rare	33.95348837
ODDS	7	Pack03	1.5	VoltOrchidSeed	Legendary	20.93023256
ODDS	7	Pack03	1.5	TempestLotusSeed	Mythic	6.976744186
ODDS	7	Pack03	1.5	BlackoutBloomSeed	Secret	2.790697674
ODDS	7	Pack03	1.5	PulsarStarfruitSeed	King	0.2790697674
ODDS	7	Pack03	1.5	StormSovereignSeed	Cosmic	1.11627907
ODDS	7	Pack03	1.75	SparkReedSeed	Rare	32.80898876
ODDS	7	Pack03	1.75	ThunderTulipSeed	Rare	32.80898876
ODDS	7	Pack03	1.75	VoltOrchidSeed	Legendary	22.24719101
ODDS	7	Pack03	1.75	TempestLotusSeed	Mythic	7.415730337
ODDS	7	Pack03	1.75	BlackoutBloomSeed	Secret	3.146067416
ODDS	7	Pack03	1.75	PulsarStarfruitSeed	King	0.3146067416
ODDS	7	Pack03	1.75	StormSovereignSeed	Cosmic	1.258426966
ODDS	7	Pack03	2	SparkReedSeed	Rare	31.73913043
ODDS	7	Pack03	2	ThunderTulipSeed	Rare	31.73913043
ODDS	7	Pack03	2	VoltOrchidSeed	Legendary	23.47826087
ODDS	7	Pack03	2	TempestLotusSeed	Mythic	7.826086957
ODDS	7	Pack03	2	BlackoutBloomSeed	Secret	3.47826087
ODDS	7	Pack03	2	PulsarStarfruitSeed	King	0.347826087
ODDS	7	Pack03	2	StormSovereignSeed	Cosmic	1.391304348
ODDS	7	Pack03	3.5	SparkReedSeed	Rare	26.54545455
ODDS	7	Pack03	3.5	ThunderTulipSeed	Rare	26.54545455
ODDS	7	Pack03	3.5	VoltOrchidSeed	Legendary	29.45454545
ODDS	7	Pack03	3.5	TempestLotusSeed	Mythic	9.818181818
ODDS	7	Pack03	3.5	BlackoutBloomSeed	Secret	5.090909091
ODDS	7	Pack03	3.5	PulsarStarfruitSeed	King	0.5090909091
ODDS	7	Pack03	3.5	StormSovereignSeed	Cosmic	2.036363636
ODDS	7	Pack04	1	SparkReedSeed	Rare	22.5
ODDS	7	Pack04	1	ThunderTulipSeed	Rare	22.5
ODDS	7	Pack04	1	VoltOrchidSeed	Legendary	32
ODDS	7	Pack04	1	TempestLotusSeed	Mythic	15
ODDS	7	Pack04	1	BlackoutBloomSeed	Secret	5
ODDS	7	Pack04	1	PulsarStarfruitSeed	King	0.7
ODDS	7	Pack04	1	StormSovereignSeed	Cosmic	2.3
ODDS	7	Pack04	1.15	SparkReedSeed	Rare	21.48484125
ODDS	7	Pack04	1.15	ThunderTulipSeed	Rare	21.48484125
ODDS	7	Pack04	1.15	VoltOrchidSeed	Legendary	32.84793507
ODDS	7	Pack04	1.15	TempestLotusSeed	Mythic	15.39746956
ODDS	7	Pack04	1.15	BlackoutBloomSeed	Secret	5.490570542
ODDS	7	Pack04	1.15	PulsarStarfruitSeed	King	0.7686798759
ODDS	7	Pack04	1.15	StormSovereignSeed	Cosmic	2.525662449
ODDS	7	Pack04	1.3	SparkReedSeed	Rare	20.55733212
ODDS	7	Pack04	1.3	ThunderTulipSeed	Rare	20.55733212
ODDS	7	Pack04	1.3	VoltOrchidSeed	Legendary	33.62265875
ODDS	7	Pack04	1.3	TempestLotusSeed	Mythic	15.76062129
ODDS	7	Pack04	1.3	BlackoutBloomSeed	Secret	5.938784833
ODDS	7	Pack04	1.3	PulsarStarfruitSeed	King	0.8314298767
ODDS	7	Pack04	1.3	StormSovereignSeed	Cosmic	2.731841023
ODDS	7	Pack04	1.5	SparkReedSeed	Rare	19.43844492
ODDS	7	Pack04	1.5	ThunderTulipSeed	Rare	19.43844492
ODDS	7	Pack04	1.5	VoltOrchidSeed	Legendary	34.55723542
ODDS	7	Pack04	1.5	TempestLotusSeed	Mythic	16.1987041
ODDS	7	Pack04	1.5	BlackoutBloomSeed	Secret	6.479481641
ODDS	7	Pack04	1.5	PulsarStarfruitSeed	King	0.9071274298
ODDS	7	Pack04	1.5	StormSovereignSeed	Cosmic	2.980561555
ODDS	7	Pack04	1.75	SparkReedSeed	Rare	18.20020222
ODDS	7	Pack04	1.75	ThunderTulipSeed	Rare	18.20020222
ODDS	7	Pack04	1.75	VoltOrchidSeed	Legendary	35.59150657
ODDS	7	Pack04	1.75	TempestLotusSeed	Mythic	16.68351871
ODDS	7	Pack04	1.75	BlackoutBloomSeed	Secret	7.077856421
ODDS	7	Pack04	1.75	PulsarStarfruitSeed	King	0.9908998989
ODDS	7	Pack04	1.75	StormSovereignSeed	Cosmic	3.255813953
ODDS	7	Pack04	2	SparkReedSeed	Rare	17.11026616
ODDS	7	Pack04	2	ThunderTulipSeed	Rare	17.11026616
ODDS	7	Pack04	2	VoltOrchidSeed	Legendary	36.50190114
ODDS	7	Pack04	2	TempestLotusSeed	Mythic	17.11026616
ODDS	7	Pack04	2	BlackoutBloomSeed	Secret	7.604562738
ODDS	7	Pack04	2	PulsarStarfruitSeed	King	1.064638783
ODDS	7	Pack04	2	StormSovereignSeed	Cosmic	3.498098859
ODDS	7	Pack04	3.5	SparkReedSeed	Rare	12.58741259
ODDS	7	Pack04	3.5	ThunderTulipSeed	Rare	12.58741259
ODDS	7	Pack04	3.5	VoltOrchidSeed	Legendary	40.27972028
ODDS	7	Pack04	3.5	TempestLotusSeed	Mythic	18.88111888
ODDS	7	Pack04	3.5	BlackoutBloomSeed	Secret	9.79020979
ODDS	7	Pack04	3.5	PulsarStarfruitSeed	King	1.370629371
ODDS	7	Pack04	3.5	StormSovereignSeed	Cosmic	4.503496503
ODDS	7	Pack05	1	SparkReedSeed	Rare	5
ODDS	7	Pack05	1	ThunderTulipSeed	Rare	5
ODDS	7	Pack05	1	VoltOrchidSeed	Legendary	40
ODDS	7	Pack05	1	TempestLotusSeed	Mythic	30
ODDS	7	Pack05	1	BlackoutBloomSeed	Secret	12
ODDS	7	Pack05	1	PulsarStarfruitSeed	King	2
ODDS	7	Pack05	1	StormSovereignSeed	Cosmic	6
ODDS	7	Pack05	1.15	SparkReedSeed	Rare	4.618937644
ODDS	7	Pack05	1.15	ThunderTulipSeed	Rare	4.618937644
ODDS	7	Pack05	1.15	VoltOrchidSeed	Legendary	39.72286374
ODDS	7	Pack05	1.15	TempestLotusSeed	Mythic	29.79214781
ODDS	7	Pack05	1.15	BlackoutBloomSeed	Secret	12.7482679
ODDS	7	Pack05	1.15	PulsarStarfruitSeed	King	2.124711316
ODDS	7	Pack05	1.15	StormSovereignSeed	Cosmic	6.374133949
ODDS	7	Pack05	1.3	SparkReedSeed	Rare	4.291845494
ODDS	7	Pack05	1.3	ThunderTulipSeed	Rare	4.291845494
ODDS	7	Pack05	1.3	VoltOrchidSeed	Legendary	39.48497854
ODDS	7	Pack05	1.3	TempestLotusSeed	Mythic	29.61373391
ODDS	7	Pack05	1.3	BlackoutBloomSeed	Secret	13.39055794
ODDS	7	Pack05	1.3	PulsarStarfruitSeed	King	2.231759657
ODDS	7	Pack05	1.3	StormSovereignSeed	Cosmic	6.69527897
ODDS	7	Pack05	1.5	SparkReedSeed	Rare	3.921568627
ODDS	7	Pack05	1.5	ThunderTulipSeed	Rare	3.921568627
ODDS	7	Pack05	1.5	VoltOrchidSeed	Legendary	39.21568627
ODDS	7	Pack05	1.5	TempestLotusSeed	Mythic	29.41176471
ODDS	7	Pack05	1.5	BlackoutBloomSeed	Secret	14.11764706
ODDS	7	Pack05	1.5	PulsarStarfruitSeed	King	2.352941176
ODDS	7	Pack05	1.5	StormSovereignSeed	Cosmic	7.058823529
ODDS	7	Pack05	1.75	SparkReedSeed	Rare	3.539823009
ODDS	7	Pack05	1.75	ThunderTulipSeed	Rare	3.539823009
ODDS	7	Pack05	1.75	VoltOrchidSeed	Legendary	38.9380531
ODDS	7	Pack05	1.75	TempestLotusSeed	Mythic	29.20353982
ODDS	7	Pack05	1.75	BlackoutBloomSeed	Secret	14.86725664
ODDS	7	Pack05	1.75	PulsarStarfruitSeed	King	2.477876106
ODDS	7	Pack05	1.75	StormSovereignSeed	Cosmic	7.433628319
ODDS	7	Pack05	2	SparkReedSeed	Rare	3.225806452
ODDS	7	Pack05	2	ThunderTulipSeed	Rare	3.225806452
ODDS	7	Pack05	2	VoltOrchidSeed	Legendary	38.70967742
ODDS	7	Pack05	2	TempestLotusSeed	Mythic	29.03225806
ODDS	7	Pack05	2	BlackoutBloomSeed	Secret	15.48387097
ODDS	7	Pack05	2	PulsarStarfruitSeed	King	2.580645161
ODDS	7	Pack05	2	StormSovereignSeed	Cosmic	7.741935484
ODDS	7	Pack05	3.5	SparkReedSeed	Rare	2.105263158
ODDS	7	Pack05	3.5	ThunderTulipSeed	Rare	2.105263158
ODDS	7	Pack05	3.5	VoltOrchidSeed	Legendary	37.89473684
ODDS	7	Pack05	3.5	TempestLotusSeed	Mythic	28.42105263
ODDS	7	Pack05	3.5	BlackoutBloomSeed	Secret	17.68421053
ODDS	7	Pack05	3.5	PulsarStarfruitSeed	King	2.947368421
ODDS	7	Pack05	3.5	StormSovereignSeed	Cosmic	8.842105263
ODDS	7	Pack06	1	SparkReedSeed	Rare	0
ODDS	7	Pack06	1	ThunderTulipSeed	Rare	0
ODDS	7	Pack06	1	VoltOrchidSeed	Legendary	20
ODDS	7	Pack06	1	TempestLotusSeed	Mythic	45
ODDS	7	Pack06	1	BlackoutBloomSeed	Secret	22
ODDS	7	Pack06	1	PulsarStarfruitSeed	King	3
ODDS	7	Pack06	1	StormSovereignSeed	Cosmic	10
ODDS	7	Pack06	1.15	SparkReedSeed	Rare	0
ODDS	7	Pack06	1.15	ThunderTulipSeed	Rare	0
ODDS	7	Pack06	1.15	VoltOrchidSeed	Legendary	19.52326901
ODDS	7	Pack06	1.15	TempestLotusSeed	Mythic	43.92735528
ODDS	7	Pack06	1.15	BlackoutBloomSeed	Secret	22.9738933
ODDS	7	Pack06	1.15	PulsarStarfruitSeed	King	3.132803632
ODDS	7	Pack06	1.15	StormSovereignSeed	Cosmic	10.44267877
ODDS	7	Pack06	1.3	SparkReedSeed	Rare	0
ODDS	7	Pack06	1.3	ThunderTulipSeed	Rare	0
ODDS	7	Pack06	1.3	VoltOrchidSeed	Legendary	19.12681913
ODDS	7	Pack06	1.3	TempestLotusSeed	Mythic	43.03534304
ODDS	7	Pack06	1.3	BlackoutBloomSeed	Secret	23.78378378
ODDS	7	Pack06	1.3	PulsarStarfruitSeed	King	3.243243243
ODDS	7	Pack06	1.3	StormSovereignSeed	Cosmic	10.81081081
ODDS	7	Pack06	1.5	SparkReedSeed	Rare	0
ODDS	7	Pack06	1.5	ThunderTulipSeed	Rare	0
ODDS	7	Pack06	1.5	VoltOrchidSeed	Legendary	18.69158879
ODDS	7	Pack06	1.5	TempestLotusSeed	Mythic	42.05607477
ODDS	7	Pack06	1.5	BlackoutBloomSeed	Secret	24.6728972
ODDS	7	Pack06	1.5	PulsarStarfruitSeed	King	3.364485981
ODDS	7	Pack06	1.5	StormSovereignSeed	Cosmic	11.21495327
ODDS	7	Pack06	1.75	SparkReedSeed	Rare	0
ODDS	7	Pack06	1.75	ThunderTulipSeed	Rare	0
ODDS	7	Pack06	1.75	VoltOrchidSeed	Legendary	18.25726141
ODDS	7	Pack06	1.75	TempestLotusSeed	Mythic	41.07883817
ODDS	7	Pack06	1.75	BlackoutBloomSeed	Secret	25.56016598
ODDS	7	Pack06	1.75	PulsarStarfruitSeed	King	3.485477178
ODDS	7	Pack06	1.75	StormSovereignSeed	Cosmic	11.61825726
ODDS	7	Pack06	2	SparkReedSeed	Rare	0
ODDS	7	Pack06	2	ThunderTulipSeed	Rare	0
ODDS	7	Pack06	2	VoltOrchidSeed	Legendary	17.91044776
ODDS	7	Pack06	2	TempestLotusSeed	Mythic	40.29850746
ODDS	7	Pack06	2	BlackoutBloomSeed	Secret	26.26865672
ODDS	7	Pack06	2	PulsarStarfruitSeed	King	3.582089552
ODDS	7	Pack06	2	StormSovereignSeed	Cosmic	11.94029851
ODDS	7	Pack06	3.5	SparkReedSeed	Rare	0
ODDS	7	Pack06	3.5	ThunderTulipSeed	Rare	0
ODDS	7	Pack06	3.5	VoltOrchidSeed	Legendary	16.74418605
ODDS	7	Pack06	3.5	TempestLotusSeed	Mythic	37.6744186
ODDS	7	Pack06	3.5	BlackoutBloomSeed	Secret	28.65116279
ODDS	7	Pack06	3.5	PulsarStarfruitSeed	King	3.906976744
ODDS	7	Pack06	3.5	StormSovereignSeed	Cosmic	13.02325581
VOID	ObsidianMawSeed	Secret	15.92
VOID	PlasmaPepperSeed	Legendary	0.24
VOID	OrbitLotusSeed	Cosmic	3.383
VOID	SupernovaBloomSeed	Cosmic	3.383
VOID	HoloAppleTreeSeed	Secret	0.035
VOID	PolarStarbloomSeed	Cosmic	3.383
VOID	SilentFrostbellSeed	Secret	15.92
VOID	HollowGeodeSeed	Secret	15.92
VOID	StormSovereignSeed	Cosmic	3.383
VOID	NebulaVineSeed	Cosmic	0.0125
VOID	BlackoutBloomSeed	Secret	15.92
VOID	CrowncoreTreeSeed	King	0.0025
VOID	HoloMelonSeed	Mythic	0.13
VOID	WinterCrownwoodSeed	King	0.597
VOID	MirageFigSeed	Cosmic	3.383
VOID	PrismLotusSeed	Mythic	0.08
VOID	EmberEmperorSeed	King	0.597
VOID	SolarStarfruitSeed	King	0.597
VOID	PrismMonarchSeed	King	0.597
VOID	StarfruitSeed	Secret	15.92
VOID	PulsarStarfruitSeed	King	0.597
SPEED	0	24.000
SPEED	800	30.000
SPEED	3000	38.000
SPEED	10000	48.000
SPEED	50000	64.000
SPEED	300000	82.000
SPEED	2000000	110.000
SPEED	20000000	155.000
SPEED	500000000	215.000
SPEED	20000000000	350.000
SPEED	100000000000	500.000
SPEED	1000000000000	500.100
SPEED	1000000000000000	500.400
#MACHINE	1,4,20,100,600,4000,30000	costs	0,250000,11900000,562000000,26700000000,1270000000000,60000000000000
#TRAIL	MintTrail=1.5@200000 ArcTrail=2@10400000 SolarTrail=3@538000000 AuroraTrail=4@27900000000 NebulaTrail=5@1450000000000 RoyalTrail=6@75000000000000
KEEPER	1	20,22,25
KEEPER	6	29,34,40
KEEPER	2	48,56,64
KEEPER	3	72,84,98
KEEPER	4	115,140,170
KEEPER	5	220,270,320
KEEPER	7	400,450,520
#FENCE	0,500000,18000000,646000000,23200000000,835000000000,30000000000000
#RARITYWEIGHTS(legacy)	55	0.005
