#PLANT	stage	seedId	rarity	Value	FruitCount	Seconds	RegrowSeconds	Regrows	IndexFirst	IndexRepeat
PLANT	1	SunflowerSeed	Common	50000	2	60	33	true	50000	10000
PLANT	1	BluebellSeed	Uncommon	50000	4	90	50	true	100000	20000
PLANT	1	AppleSeed	Rare	100000	4	150	82	true	200000	40000
PLANT	1	MooncapSeed	Rare	300000	1	86	47	true	25000	5000
PLANT	1	SunflowerBloomSeed	Legendary	6000000	1	100	55	false	500000	100000
PLANT	1	ElderbloomSeed	Mythic	500000	5	113	62	true	1250000	250000
PLANT	6	CocoaSeed	Common	87500	4	130	72	true	175000	35000
PLANT	6	PineappleSeed	Uncommon	700000	1	159	87	true	350000	70000
PLANT	6	VenomVineSeed	Rare	2000000	1	187	103	true	166667	33333
PLANT	6	LanternFernSeed	Rare	350000	4	187	103	true	700000	140000
PLANT	6	TigerOrchidSeed	Legendary	1166667	3	216	119	true	1750000	350000
PLANT	6	AncientWorldrootSeed	Mythic	1458334	6	244	134	true	4375000	875000
PLANT	2	CactusSeed	Uncommon	800000	3	150	82	true	1200000	240000
PLANT	2	DatePalmSeed	Mythic	180000000	1	270	148	false	15000000	3000000
PLANT	2	MirageFigSeed	Cosmic	40000000	5	420	231	true	100000000	20000000
PLANT	2	SolarStarfruitSeed	King	70000000	5	464	255	true	175000000	35000000
PLANT	2	StarfruitSeed	Secret	250000000	1	960	528	true	125000000	25000000
PLANT	3	SnowdropSeed	Uncommon	4500000	2	240	132	true	4500000	900000
PLANT	3	IceberrySeed	Rare	4500000	4	300	165	true	9000000	1800000
PLANT	3	WinterPineSeed	Legendary	270000000	1	330	182	false	22500000	4500000
PLANT	3	CrystalLilySeed	Mythic	112500000	1	360	198	true	56250000	11250000
PLANT	3	SilentFrostbellSeed	Secret	112500000	3	567	312	true	168750000	33750000
PLANT	3	PolarStarbloomSeed	Cosmic	600000000	1	626	344	true	300000000	60000000
PLANT	3	WinterCrownwoodSeed	King	150000000	6	686	377	true	450000000	90000000
PLANT	4	FirePepperSeed	Rare	18000000	4	360	198	true	36000000	7200000
PLANT	4	EmberBloomSeed	Rare	36000000	2	420	231	true	36000000	7200000
PLANT	4	AshRoseSeed	Rare	18000000	4	480	264	true	36000000	7200000
PLANT	4	LavaLotusSeed	Legendary	900000000	1	540	297	false	75000000	15000000
PLANT	4	ObsidianMawSeed	Secret	1000000000	1	714	393	true	83333333	16666667
PLANT	4	SupernovaBloomSeed	Cosmic	1500000000	1	789	434	true	750000000	150000000
PLANT	4	EmberEmperorSeed	King	400000000	6	864	475	true	1200000000	240000000
PLANT	5	AmethystSeed	Rare	75000000	4	600	330	true	150000000	30000000
PLANT	5	PrismOrchidSeed	Rare	75000000	4	720	396	true	150000000	30000000
PLANT	5	MoonflowerSeed	Rare	150000000	2	840	462	true	150000000	30000000
PLANT	5	DiamondVineSeed	Mythic	350000000	4	1200	660	true	700000000	140000000
PLANT	5	HollowGeodeSeed	Secret	1500000000	1	861	474	true	750000000	150000000
PLANT	5	OrbitLotusSeed	Cosmic	2500000000	1	951	523	true	1250000000	250000000
PLANT	5	PrismMonarchSeed	King	800000000	6	1041	573	true	2400000000	480000000
PLANT	7	SparkReedSeed	Rare	200000000	3	691	380	true	300000000	60000000
PLANT	7	ThunderTulipSeed	Rare	200000000	3	691	380	true	300000000	60000000
PLANT	7	VoltOrchidSeed	Legendary	650000000	3	797	438	true	975000000	195000000
PLANT	7	TempestLotusSeed	Mythic	3000000000	1	902	496	true	1500000000	300000000
PLANT	7	BlackoutBloomSeed	Secret	5000000000	1	1008	554	true	2500000000	500000000
PLANT	7	PulsarStarfruitSeed	King	2500000000	5	1114	613	true	6250000000	1250000000
PLANT	7	StormSovereignSeed	Cosmic	1500000000	6	1219	670	true	4500000000	900000000
