MIX	1	0.38000,0.25000,0.15000,0.07000,0.10000,0.05000
MIX	2	0.38000,0.25000,0.15000,0.07000,0.10000,0.05000
MIX	3	0.38000,0.25000,0.15000,0.07000,0.10000,0.05000
MIX	4	0.38000,0.25000,0.15000,0.07000,0.10000,0.05000
MIX	5	0.37928,0.25000,0.15000,0.07000,0.10072,0.05000
MIX	6	0.38000,0.25000,0.15000,0.07000,0.10000,0.05000
MIX	7	0.38000,0.25000,0.15000,0.07000,0.10000,0.05000
MIX	8	0.38000,0.25000,0.15000,0.07000,0.10000,0.05000
MIX	9	0.38000,0.25000,0.15000,0.07000,0.10000,0.05000
MIX	10	0.37454,0.25000,0.15000,0.07000,0.10072,0.05475
MIXAVG	0.379382,0.250000,0.150000,0.070000,0.100143,0.050475
