SPEED	0	24.0000
SPEED	100	24.4000
SPEED	300	25.2000
SPEED	500	26.0000
SPEED	1000	27.0000
SPEED	1500	28.0000
SPEED	2000	29.0000
SPEED	3000	31.0000
SPEED	4500	33.0000
SPEED	6000	35.0000
SPEED	9000	35.5263
SPEED	12000	36.0526
SPEED	18000	37.1053
SPEED	30000	39.2105
SPEED	60000	44.4737
SPEED	120000	55.0000
SPEED	1500000	88.0000
SPEED	20000000	141.0000
SPEED	300000000	226.0000
SPEED	5000000000	363.0000
SPEED	100000000000	500.0000
SPEED	1000000000000	500.1000
KNOT	0	24
KNOT	500	26
KNOT	1500	28
KNOT	3000	31
KNOT	6000	35
KNOT	120000	55
KNOT	1500000	88
KNOT	20000000	141
KNOT	300000000	226
KNOT	5000000000	363
KNOT	100000000000	500
KEEPER	1	20	23	26
KEEPER	6	32	37	42
KEEPER	2	50	57	65
KEEPER	3	80	92	104
KEEPER	4	128	147	166
KEEPER	5	205	236	266
KEEPER	7	330	379	429
SETTLE	1	24	150
SETTLE	1	26	250
SETTLE	1	28	inf
SETTLE	1	31	inf
SETTLE	1	35	inf
SETTLE	1	55	inf
SETTLE	1	88	inf
SETTLE	1	141	inf
SETTLE	1	226	inf
SETTLE	1	363	inf
SETTLE	1	500	inf
SETTLE	6	24	0
SETTLE	6	26	0
SETTLE	6	28	0
SETTLE	6	31	0
SETTLE	6	35	74
SETTLE	6	55	inf
SETTLE	6	88	inf
SETTLE	6	141	inf
SETTLE	6	226	inf
SETTLE	6	363	inf
SETTLE	6	500	inf
SETTLE	2	24	0
SETTLE	2	26	0
SETTLE	2	28	0
SETTLE	2	31	0
SETTLE	2	35	0
SETTLE	2	55	81.5
SETTLE	2	88	inf
SETTLE	2	141	inf
SETTLE	2	226	inf
SETTLE	2	363	inf
SETTLE	2	500	inf
SETTLE	3	24	0
SETTLE	3	26	0
SETTLE	3	28	0
SETTLE	3	31	0
SETTLE	3	35	0
SETTLE	3	55	0
SETTLE	3	88	78.5
SETTLE	3	141	inf
SETTLE	3	226	inf
SETTLE	3	363	inf
SETTLE	3	500	inf
SETTLE	4	24	0
SETTLE	4	26	0
SETTLE	4	28	0
SETTLE	4	31	0
SETTLE	4	35	0
SETTLE	4	55	0
SETTLE	4	88	0
SETTLE	4	141	79.5
SETTLE	4	226	inf
SETTLE	4	363	inf
SETTLE	4	500	inf
SETTLE	5	24	0
SETTLE	5	26	0
SETTLE	5	28	0
SETTLE	5	31	0
SETTLE	5	35	0
SETTLE	5	55	0
SETTLE	5	88	0
SETTLE	5	141	0
SETTLE	5	226	79.25
SETTLE	5	363	inf
SETTLE	5	500	inf
SETTLE	7	24	0
SETTLE	7	26	0
SETTLE	7	28	0
SETTLE	7	31	0
SETTLE	7	35	0
SETTLE	7	55	0
SETTLE	7	88	0
SETTLE	7	141	0
SETTLE	7	226	0
SETTLE	7	363	79
SETTLE	7	500	inf
CHASE	1	22	5	20.5	9
CHASE	1	22	10	25.5	9
CHASE	1	22	15	30.5	9
CHASE	1	22	25	40.4	9
CHASE	1	24	5	23.2	9
CHASE	1	24	10	28.2	9
CHASE	1	24	15	33.2	9
CHASE	1	24	25	43.0	9
CHASE	1	26	5	25.9	9
CHASE	1	26	10	30.9	9
CHASE	1	26	15	35.9	9
CHASE	1	26	25	45.7	9
CHASE	1	28	5	28.6	9
CHASE	1	28	10	33.6	9
CHASE	1	28	15	38.6	9
CHASE	1	28	25	48.3	9
CHASE	1	31	5	32.7	9
CHASE	1	31	10	37.7	9
CHASE	1	31	15	42.6	9
CHASE	1	31	25	52.3	9
CHASE	1	35	5	38.1	9
CHASE	1	35	10	43.0	9
CHASE	1	35	15	47.9	9
CHASE	1	35	25	57.6	9
CHASE	6	35	10	34.6	9
CHASE	2	55	10	48.0	12
CHASE	3	88	10	68.1	10
CHASE	4	141	10	77.2	16
CHASE	5	226	10	75.3	14
CHASE	7	363	10	72.7	16
CHASE	6	31	10	10.5	9
CHASE	2	35	10	-257.9	12
CHASE	3	55	10	-439.1	10
CHASE	4	88	10	-712.0	16
CHASE	5	141	10	-1154.1	14
CHASE	7	226	10	-1898.1	16
