class	path_in_place	file
LocalScript	ReplicatedFirst/TitleScreen	ReplicatedFirst/TitleScreen.client.lua
ModuleScript	ReplicatedStorage/AgaveSeedArt45	ReplicatedStorage/AgaveSeedArt45.lua
ModuleScript	ReplicatedStorage/AmbientParticleField128	ReplicatedStorage/AmbientParticleField128.lua
ModuleScript	ReplicatedStorage/AncientWorldrootSeedArt45	ReplicatedStorage/AncientWorldrootSeedArt45.lua
ModuleScript	ReplicatedStorage/ApprovedFruitEffects	ReplicatedStorage/ApprovedFruitEffects.lua
ModuleScript	ReplicatedStorage/ApprovedPlantArt	ReplicatedStorage/ApprovedPlantArt.lua
ModuleScript	ReplicatedStorage/ApprovedPlantArt1	ReplicatedStorage/ApprovedPlantArt1.lua
ModuleScript	ReplicatedStorage/ApprovedPlantArt10	ReplicatedStorage/ApprovedPlantArt10.lua
ModuleScript	ReplicatedStorage/ApprovedPlantArt11	ReplicatedStorage/ApprovedPlantArt11.lua
ModuleScript	ReplicatedStorage/ApprovedPlantArt12	ReplicatedStorage/ApprovedPlantArt12.lua
ModuleScript	ReplicatedStorage/ApprovedPlantArt13	ReplicatedStorage/ApprovedPlantArt13.lua
ModuleScript	ReplicatedStorage/ApprovedPlantArt14	ReplicatedStorage/ApprovedPlantArt14.lua
ModuleScript	ReplicatedStorage/ApprovedPlantArt15	ReplicatedStorage/ApprovedPlantArt15.lua
ModuleScript	ReplicatedStorage/ApprovedPlantArt16	ReplicatedStorage/ApprovedPlantArt16.lua
ModuleScript	ReplicatedStorage/ApprovedPlantArt17	ReplicatedStorage/ApprovedPlantArt17.lua
ModuleScript	ReplicatedStorage/ApprovedPlantArt18	ReplicatedStorage/ApprovedPlantArt18.lua
ModuleScript	ReplicatedStorage/ApprovedPlantArt19	ReplicatedStorage/ApprovedPlantArt19.lua
ModuleScript	ReplicatedStorage/ApprovedPlantArt2	ReplicatedStorage/ApprovedPlantArt2.lua
ModuleScript	ReplicatedStorage/ApprovedPlantArt20	ReplicatedStorage/ApprovedPlantArt20.lua
ModuleScript	ReplicatedStorage/ApprovedPlantArt21	ReplicatedStorage/ApprovedPlantArt21.lua
ModuleScript	ReplicatedStorage/ApprovedPlantArt3	ReplicatedStorage/ApprovedPlantArt3.lua
ModuleScript	ReplicatedStorage/ApprovedPlantArt4	ReplicatedStorage/ApprovedPlantArt4.lua
ModuleScript	ReplicatedStorage/ApprovedPlantArt5	ReplicatedStorage/ApprovedPlantArt5.lua
ModuleScript	ReplicatedStorage/ApprovedPlantArt6	ReplicatedStorage/ApprovedPlantArt6.lua
ModuleScript	ReplicatedStorage/ApprovedPlantArt7	ReplicatedStorage/ApprovedPlantArt7.lua
ModuleScript	ReplicatedStorage/ApprovedPlantArt8	ReplicatedStorage/ApprovedPlantArt8.lua
ModuleScript	ReplicatedStorage/ApprovedPlantArt9	ReplicatedStorage/ApprovedPlantArt9.lua
ModuleScript	ReplicatedStorage/ApprovedPlantCatalog	ReplicatedStorage/ApprovedPlantCatalog.lua
ModuleScript	ReplicatedStorage/ApprovedPlantIndex	ReplicatedStorage/ApprovedPlantIndex.lua
ModuleScript	ReplicatedStorage/ApprovedPlantMeshes	ReplicatedStorage/ApprovedPlantMeshes.lua
ModuleScript	ReplicatedStorage/ArtworkFallback87	ReplicatedStorage/ArtworkFallback87.lua
ModuleScript	ReplicatedStorage/ArtworkFallbackData89	ReplicatedStorage/ArtworkFallbackData89.lua
ModuleScript	ReplicatedStorage/ArtworkRuntime87	ReplicatedStorage/ArtworkRuntime87.lua
ModuleScript	ReplicatedStorage/AudioMixer	ReplicatedStorage/AudioMixer.lua
ModuleScript	ReplicatedStorage/BalanceRules	ReplicatedStorage/BalanceRules.lua
ModuleScript	ReplicatedStorage/BalanceValues81	ReplicatedStorage/BalanceValues81.lua
ModuleScript	ReplicatedStorage/BatConfig	ReplicatedStorage/BatConfig.lua
ModuleScript	ReplicatedStorage/BatHitbox	ReplicatedStorage/BatHitbox.lua
ModuleScript	ReplicatedStorage/BatSwingPose	ReplicatedStorage/BatSwingPose.lua
ModuleScript	ReplicatedStorage/BeastPose	ReplicatedStorage/BeastPose.lua
ModuleScript	ReplicatedStorage/BeginnerGuide	ReplicatedStorage/BeginnerGuide.lua
ModuleScript	ReplicatedStorage/BiomeArtwork	ReplicatedStorage/BiomeArtwork.lua
ModuleScript	ReplicatedStorage/BiomeEntryGate	ReplicatedStorage/BiomeEntryGate.lua
ModuleScript	ReplicatedStorage/BiomeIconData	ReplicatedStorage/BiomeIconData.lua
ModuleScript	ReplicatedStorage/BiomeMood	ReplicatedStorage/BiomeMood.lua
ModuleScript	ReplicatedStorage/BiomeTitleStyle	ReplicatedStorage/BiomeTitleStyle.lua
ModuleScript	ReplicatedStorage/BiomeWeatherConfig	ReplicatedStorage/BiomeWeatherConfig.lua
ModuleScript	ReplicatedStorage/BrightUI	ReplicatedStorage/BrightUI.lua
ModuleScript	ReplicatedStorage/ButtonHighlights	ReplicatedStorage/ButtonHighlights.lua
ModuleScript	ReplicatedStorage/ButtonStyle	ReplicatedStorage/ButtonStyle.lua
ModuleScript	ReplicatedStorage/CashNumbers	ReplicatedStorage/CashNumbers.lua
ModuleScript	ReplicatedStorage/ClientFxBudget	ReplicatedStorage/ClientFxBudget.lua
ModuleScript	ReplicatedStorage/CollectionViewport	ReplicatedStorage/CollectionViewport.lua
ModuleScript	ReplicatedStorage/CosmeticBudget	ReplicatedStorage/CosmeticBudget.lua
ModuleScript	ReplicatedStorage/CosmicLettering	ReplicatedStorage/CosmicLettering.lua
ModuleScript	ReplicatedStorage/CropFilters	ReplicatedStorage/CropFilters.lua
ModuleScript	ReplicatedStorage/CrystalKnightPose	ReplicatedStorage/CrystalKnightPose.lua
ModuleScript	ReplicatedStorage/CrystalLilySeedArt45	ReplicatedStorage/CrystalLilySeedArt45.lua
ModuleScript	ReplicatedStorage/DatePalmSeedArt45	ReplicatedStorage/DatePalmSeedArt45.lua
ModuleScript	ReplicatedStorage/DefaultCharacterAnimations	ReplicatedStorage/DefaultCharacterAnimations.lua
ModuleScript	ReplicatedStorage/DiamondVineSeedArt45	ReplicatedStorage/DiamondVineSeedArt45.lua
ModuleScript	ReplicatedStorage/DigSoundAnalyzer	ReplicatedStorage/DigSoundAnalyzer.lua
ModuleScript	ReplicatedStorage/DigSoundVariants	ReplicatedStorage/DigSoundVariants.lua
ModuleScript	ReplicatedStorage/DistantPlantView	ReplicatedStorage/DistantPlantView.lua
ModuleScript	ReplicatedStorage/EclipsePackArt	ReplicatedStorage/EclipsePackArt.lua
ModuleScript	ReplicatedStorage/EconomyBalance90	ReplicatedStorage/EconomyBalance90.lua
ModuleScript	ReplicatedStorage/EconomyScaling91	ReplicatedStorage/EconomyScaling91.lua
ModuleScript	ReplicatedStorage/ElderAppleArt	ReplicatedStorage/ElderAppleArt.lua
ModuleScript	ReplicatedStorage/ElderbloomSeedArt45	ReplicatedStorage/ElderbloomSeedArt45.lua
ModuleScript	ReplicatedStorage/EnvironmentLighting	ReplicatedStorage/EnvironmentLighting.lua
ModuleScript	ReplicatedStorage/FrostbellMotion	ReplicatedStorage/FrostbellMotion.lua
ModuleScript	ReplicatedStorage/FruitCursorTarget	ReplicatedStorage/FruitCursorTarget.lua
ModuleScript	ReplicatedStorage/GamePassCatalog	ReplicatedStorage/GamePassCatalog.lua
ModuleScript	ReplicatedStorage/GardenArtworkData84	ReplicatedStorage/GardenArtworkData84.lua
ModuleScript	ReplicatedStorage/GardenBonusRules84	ReplicatedStorage/GardenBonusRules84.lua
ModuleScript	ReplicatedStorage/GardenCardMotion	ReplicatedStorage/GardenCardMotion.lua
ModuleScript	ReplicatedStorage/GardenDisplayNames	ReplicatedStorage/GardenDisplayNames.lua
ModuleScript	ReplicatedStorage/GardenFenceRules	ReplicatedStorage/GardenFenceRules.lua
ModuleScript	ReplicatedStorage/GardenHoldHarvest	ReplicatedStorage/GardenHoldHarvest.lua
ModuleScript	ReplicatedStorage/GardenInventoryState	ReplicatedStorage/GardenInventoryState.lua
ModuleScript	ReplicatedStorage/GardenLiftContact	ReplicatedStorage/GardenLiftContact.lua
ModuleScript	ReplicatedStorage/GardenMenuStyle	ReplicatedStorage/GardenMenuStyle.lua
ModuleScript	ReplicatedStorage/GardenTextFit	ReplicatedStorage/GardenTextFit.lua
ModuleScript	ReplicatedStorage/GardenTheme	ReplicatedStorage/GardenTheme.lua
ModuleScript	ReplicatedStorage/GardenTopLanding	ReplicatedStorage/GardenTopLanding.lua
ModuleScript	ReplicatedStorage/GardenTypography	ReplicatedStorage/GardenTypography.lua
ModuleScript	ReplicatedStorage/GardenViewState	ReplicatedStorage/GardenViewState.lua
ModuleScript	ReplicatedStorage/GardenWallet	ReplicatedStorage/GardenWallet.lua
ModuleScript	ReplicatedStorage/GemArtworkData85	ReplicatedStorage/GemArtworkData85.lua
ModuleScript	ReplicatedStorage/GemIcon	ReplicatedStorage/GemIcon.lua
ModuleScript	ReplicatedStorage/GrowthBoostRules	ReplicatedStorage/GrowthBoostRules.lua
ModuleScript	ReplicatedStorage/GrowthPace125	ReplicatedStorage/GrowthPace125.lua
ModuleScript	ReplicatedStorage/GuiShine	ReplicatedStorage/GuiShine.lua
ModuleScript	ReplicatedStorage/HarvestGeometry	ReplicatedStorage/HarvestGeometry.lua
ModuleScript	ReplicatedStorage/HarvestItemInfo	ReplicatedStorage/HarvestItemInfo.lua
ModuleScript	ReplicatedStorage/HarvestPresentation	ReplicatedStorage/HarvestPresentation.lua
ModuleScript	ReplicatedStorage/HarvestSellMenu	ReplicatedStorage/HarvestSellMenu.lua
ModuleScript	ReplicatedStorage/HarvestViewport	ReplicatedStorage/HarvestViewport.lua
ModuleScript	ReplicatedStorage/HeldHarvestRig	ReplicatedStorage/HeldHarvestRig.lua
ModuleScript	ReplicatedStorage/HollowGeodeSeedArt45	ReplicatedStorage/HollowGeodeSeedArt45.lua
ModuleScript	ReplicatedStorage/HologramForms	ReplicatedStorage/HologramForms.lua
ModuleScript	ReplicatedStorage/HologramProjection	ReplicatedStorage/HologramProjection.lua
ModuleScript	ReplicatedStorage/HudArtwork	ReplicatedStorage/HudArtwork.lua
ModuleScript	ReplicatedStorage/HudIconData	ReplicatedStorage/HudIconData.lua
ModuleScript	ReplicatedStorage/HudLayout	ReplicatedStorage/HudLayout.lua
ModuleScript	ReplicatedStorage/HudNoticeLayout	ReplicatedStorage/HudNoticeLayout.lua
ModuleScript	ReplicatedStorage/IconGlyphs	ReplicatedStorage/IconGlyphs.lua
ModuleScript	ReplicatedStorage/InteractionAudio	ReplicatedStorage/InteractionAudio.lua
ModuleScript	ReplicatedStorage/ItemEffectAnchor	ReplicatedStorage/ItemEffectAnchor.lua
ModuleScript	ReplicatedStorage/ItemPictures	ReplicatedStorage/ItemPictures.lua
ModuleScript	ReplicatedStorage/ItemTraitNames	ReplicatedStorage/ItemTraitNames.lua
ModuleScript	ReplicatedStorage/ItemVisualEffects	ReplicatedStorage/ItemVisualEffects.lua
ModuleScript	ReplicatedStorage/ItemWeight	ReplicatedStorage/ItemWeight.lua
ModuleScript	ReplicatedStorage/KeeperAccents	ReplicatedStorage/KeeperAccents.lua
ModuleScript	ReplicatedStorage/KeeperAttackPose	ReplicatedStorage/KeeperAttackPose.lua
ModuleScript	ReplicatedStorage/KeeperAudio	ReplicatedStorage/KeeperAudio.lua
ModuleScript	ReplicatedStorage/KeeperCombat	ReplicatedStorage/KeeperCombat.lua
ModuleScript	ReplicatedStorage/KeeperFx	ReplicatedStorage/KeeperFx.lua
ModuleScript	ReplicatedStorage/KeeperMotion	ReplicatedStorage/KeeperMotion.lua
ModuleScript	ReplicatedStorage/KeeperNearAlarm	ReplicatedStorage/KeeperNearAlarm.lua
ModuleScript	ReplicatedStorage/KeeperPolish	ReplicatedStorage/KeeperPolish.lua
ModuleScript	ReplicatedStorage/KeeperPursuit	ReplicatedStorage/KeeperPursuit.lua
ModuleScript	ReplicatedStorage/KeeperRecoveryDash	ReplicatedStorage/KeeperRecoveryDash.lua
ModuleScript	ReplicatedStorage/KeeperRigConfig	ReplicatedStorage/KeeperRigConfig.lua
ModuleScript	ReplicatedStorage/KeeperSignatureStrike	ReplicatedStorage/KeeperSignatureStrike.lua
ModuleScript	ReplicatedStorage/KeeperSleep	ReplicatedStorage/KeeperSleep.lua
ModuleScript	ReplicatedStorage/KeeperStrikeFrames	ReplicatedStorage/KeeperStrikeFrames.lua
ModuleScript	ReplicatedStorage/KeeperSurge	ReplicatedStorage/KeeperSurge.lua
ModuleScript	ReplicatedStorage/KeeperUpgradeData	ReplicatedStorage/KeeperUpgradeData.lua
ModuleScript	ReplicatedStorage/KeeperUpgradePose	ReplicatedStorage/KeeperUpgradePose.lua
ModuleScript	ReplicatedStorage/KeeperVoices	ReplicatedStorage/KeeperVoices.lua
ModuleScript	ReplicatedStorage/KnockbackConfig	ReplicatedStorage/KnockbackConfig.lua
ModuleScript	ReplicatedStorage/LavaLotusSeedArt45	ReplicatedStorage/LavaLotusSeedArt45.lua
ModuleScript	ReplicatedStorage/LeaderboardLandscape	ReplicatedStorage/LeaderboardLandscape.lua
ModuleScript	ReplicatedStorage/LocalSfx	ReplicatedStorage/LocalSfx.lua
ModuleScript	ReplicatedStorage/LuckCloverData	ReplicatedStorage/LuckCloverData.lua
ModuleScript	ReplicatedStorage/MechArt	ReplicatedStorage/MechArt.lua
ModuleScript	ReplicatedStorage/MechCatalog	ReplicatedStorage/MechCatalog.lua
ModuleScript	ReplicatedStorage/MechGrowth	ReplicatedStorage/MechGrowth.lua
ModuleScript	ReplicatedStorage/MechPlantData	ReplicatedStorage/MechPlantData.lua
ModuleScript	ReplicatedStorage/MenuBackdrop	ReplicatedStorage/MenuBackdrop.lua
ModuleScript	ReplicatedStorage/MoneyIcon	ReplicatedStorage/MoneyIcon.lua
ModuleScript	ReplicatedStorage/MoonflowerSeedArt45	ReplicatedStorage/MoonflowerSeedArt45.lua
ModuleScript	ReplicatedStorage/MutationGlow127	ReplicatedStorage/MutationGlow127.lua
ModuleScript	ReplicatedStorage/NavigationArtwork	ReplicatedStorage/NavigationArtwork.lua
ModuleScript	ReplicatedStorage/NoticeCopy83	ReplicatedStorage/NoticeCopy83.lua
ModuleScript	ReplicatedStorage/NoticeFeed83	ReplicatedStorage/NoticeFeed83.lua
ModuleScript	ReplicatedStorage/NoticeLayout85	ReplicatedStorage/NoticeLayout85.lua
ModuleScript	ReplicatedStorage/ObsidianMawMotion	ReplicatedStorage/ObsidianMawMotion.lua
ModuleScript	ReplicatedStorage/OddsText85	ReplicatedStorage/OddsText85.lua
ModuleScript	ReplicatedStorage/PackAuraGeometry	ReplicatedStorage/PackAuraGeometry.lua
ModuleScript	ReplicatedStorage/PackCarryLayout	ReplicatedStorage/PackCarryLayout.lua
ModuleScript	ReplicatedStorage/PackMeshShape88	ReplicatedStorage/PackMeshShape88.lua
ModuleScript	ReplicatedStorage/PackOdds112	ReplicatedStorage/PackOdds112.lua
ModuleScript	ReplicatedStorage/PackOdds81	ReplicatedStorage/PackOdds81.lua
ModuleScript	ReplicatedStorage/PackSchedule81	ReplicatedStorage/PackSchedule81.lua
ModuleScript	ReplicatedStorage/PackTierEmblem	ReplicatedStorage/PackTierEmblem.lua
ModuleScript	ReplicatedStorage/PackViewport89	ReplicatedStorage/PackViewport89.lua
ModuleScript	ReplicatedStorage/PassGiftCatalog	ReplicatedStorage/PassGiftCatalog.lua
ModuleScript	ReplicatedStorage/PassGiftDialog	ReplicatedStorage/PassGiftDialog.lua
ModuleScript	ReplicatedStorage/PlantAccessRules	ReplicatedStorage/PlantAccessRules.lua
ModuleScript	ReplicatedStorage/PlantAnimationBatch	ReplicatedStorage/PlantAnimationBatch.lua
ModuleScript	ReplicatedStorage/PlantArtCrystal	ReplicatedStorage/PlantArtCrystal.lua
ModuleScript	ReplicatedStorage/PlantArtDesert	ReplicatedStorage/PlantArtDesert.lua
ModuleScript	ReplicatedStorage/PlantArtForest	ReplicatedStorage/PlantArtForest.lua
ModuleScript	ReplicatedStorage/PlantArtJungle	ReplicatedStorage/PlantArtJungle.lua
ModuleScript	ReplicatedStorage/PlantArtLava	ReplicatedStorage/PlantArtLava.lua
ModuleScript	ReplicatedStorage/PlantArtSnow	ReplicatedStorage/PlantArtSnow.lua
ModuleScript	ReplicatedStorage/PlantArtStorm	ReplicatedStorage/PlantArtStorm.lua
ModuleScript	ReplicatedStorage/PlantCatalog	ReplicatedStorage/PlantCatalog.lua
ModuleScript	ReplicatedStorage/PlantDetailPlanner	ReplicatedStorage/PlantDetailPlanner.lua
ModuleScript	ReplicatedStorage/PlantEffects	ReplicatedStorage/PlantEffects.lua
ModuleScript	ReplicatedStorage/PlantGrowth	ReplicatedStorage/PlantGrowth.lua
ModuleScript	ReplicatedStorage/PlantPartCache	ReplicatedStorage/PlantPartCache.lua
ModuleScript	ReplicatedStorage/PlantRules	ReplicatedStorage/PlantRules.lua
ModuleScript	ReplicatedStorage/PlantSelectionView	ReplicatedStorage/PlantSelectionView.lua
ModuleScript	ReplicatedStorage/PlantShovelPicker	ReplicatedStorage/PlantShovelPicker.lua
ModuleScript	ReplicatedStorage/PlantSupportArt	ReplicatedStorage/PlantSupportArt.lua
ModuleScript	ReplicatedStorage/PlantSupportArtB	ReplicatedStorage/PlantSupportArtB.lua
ModuleScript	ReplicatedStorage/PlantSurfaceStyle	ReplicatedStorage/PlantSurfaceStyle.lua
ModuleScript	ReplicatedStorage/PlantVisuals	ReplicatedStorage/PlantVisuals.lua
ModuleScript	ReplicatedStorage/PlantingEffects	ReplicatedStorage/PlantingEffects.lua
ModuleScript	ReplicatedStorage/PremiumBoostCard	ReplicatedStorage/PremiumBoostCard.lua
ModuleScript	ReplicatedStorage/PremiumBundleCard	ReplicatedStorage/PremiumBundleCard.lua
ModuleScript	ReplicatedStorage/PremiumEmblems	ReplicatedStorage/PremiumEmblems.lua
ModuleScript	ReplicatedStorage/PremiumIconData	ReplicatedStorage/PremiumIconData.lua
ModuleScript	ReplicatedStorage/PremiumLayout	ReplicatedStorage/PremiumLayout.lua
ModuleScript	ReplicatedStorage/PremiumPricing	ReplicatedStorage/PremiumPricing.lua
ModuleScript	ReplicatedStorage/PremiumShopArt	ReplicatedStorage/PremiumShopArt.lua
ModuleScript	ReplicatedStorage/Progression81	ReplicatedStorage/Progression81.lua
ModuleScript	ReplicatedStorage/RarePackRules	ReplicatedStorage/RarePackRules.lua
ModuleScript	ReplicatedStorage/RarityPlantArt	ReplicatedStorage/RarityPlantArt.lua
ModuleScript	ReplicatedStorage/RarityRevealAudio	ReplicatedStorage/RarityRevealAudio.lua
ModuleScript	ReplicatedStorage/RarityRevealScreen	ReplicatedStorage/RarityRevealScreen.lua
ModuleScript	ReplicatedStorage/RarityRevealSequence	ReplicatedStorage/RarityRevealSequence.lua
ModuleScript	ReplicatedStorage/RefreshBarrier	ReplicatedStorage/RefreshBarrier.lua
ModuleScript	ReplicatedStorage/RefreshCountdown	ReplicatedStorage/RefreshCountdown.lua
ModuleScript	ReplicatedStorage/RefreshHorn	ReplicatedStorage/RefreshHorn.lua
ModuleScript	ReplicatedStorage/RefreshMoonData	ReplicatedStorage/RefreshMoonData.lua
ModuleScript	ReplicatedStorage/RefreshSky	ReplicatedStorage/RefreshSky.lua
ModuleScript	ReplicatedStorage/RouteBalance83	ReplicatedStorage/RouteBalance83.lua
ModuleScript	ReplicatedStorage/RunnerBootArt	ReplicatedStorage/RunnerBootArt.lua
ModuleScript	ReplicatedStorage/RunnerBootFx	ReplicatedStorage/RunnerBootFx.lua
ModuleScript	ReplicatedStorage/RunnerMotion	ReplicatedStorage/RunnerMotion.lua
ModuleScript	ReplicatedStorage/RunnerSweep	ReplicatedStorage/RunnerSweep.lua
ModuleScript	ReplicatedStorage/RunnerTrailArt	ReplicatedStorage/RunnerTrailArt.lua
ModuleScript	ReplicatedStorage/RunnerTrailAuraFx	ReplicatedStorage/RunnerTrailAuraFx.lua
ModuleScript	ReplicatedStorage/RunnerTrailEffects	ReplicatedStorage/RunnerTrailEffects.lua
ModuleScript	ReplicatedStorage/RunnerTrailRules	ReplicatedStorage/RunnerTrailRules.lua
ModuleScript	ReplicatedStorage/RunnerTrailStyles	ReplicatedStorage/RunnerTrailStyles.lua
ModuleScript	ReplicatedStorage/SaleMoneyEffects	ReplicatedStorage/SaleMoneyEffects.lua
ModuleScript	ReplicatedStorage/SaleReceiptRules	ReplicatedStorage/SaleReceiptRules.lua
ModuleScript	ReplicatedStorage/SeedCarryPose	ReplicatedStorage/SeedCarryPose.lua
ModuleScript	ReplicatedStorage/SeedPackArtCrystal	ReplicatedStorage/SeedPackArtCrystal.lua
ModuleScript	ReplicatedStorage/SeedPackArtCrystal01	ReplicatedStorage/SeedPackArtCrystal01.lua
ModuleScript	ReplicatedStorage/SeedPackArtCrystal02	ReplicatedStorage/SeedPackArtCrystal02.lua
ModuleScript	ReplicatedStorage/SeedPackArtCrystal03	ReplicatedStorage/SeedPackArtCrystal03.lua
ModuleScript	ReplicatedStorage/SeedPackArtCrystal04	ReplicatedStorage/SeedPackArtCrystal04.lua
ModuleScript	ReplicatedStorage/SeedPackArtCrystal05	ReplicatedStorage/SeedPackArtCrystal05.lua
ModuleScript	ReplicatedStorage/SeedPackArtCrystal06	ReplicatedStorage/SeedPackArtCrystal06.lua
ModuleScript	ReplicatedStorage/SeedPackArtDesert	ReplicatedStorage/SeedPackArtDesert.lua
ModuleScript	ReplicatedStorage/SeedPackArtDesert01	ReplicatedStorage/SeedPackArtDesert01.lua
ModuleScript	ReplicatedStorage/SeedPackArtDesert02	ReplicatedStorage/SeedPackArtDesert02.lua
ModuleScript	ReplicatedStorage/SeedPackArtDesert03	ReplicatedStorage/SeedPackArtDesert03.lua
ModuleScript	ReplicatedStorage/SeedPackArtDesert04	ReplicatedStorage/SeedPackArtDesert04.lua
ModuleScript	ReplicatedStorage/SeedPackArtDesert05	ReplicatedStorage/SeedPackArtDesert05.lua
ModuleScript	ReplicatedStorage/SeedPackArtDesert06	ReplicatedStorage/SeedPackArtDesert06.lua
ModuleScript	ReplicatedStorage/SeedPackArtForest	ReplicatedStorage/SeedPackArtForest.lua
ModuleScript	ReplicatedStorage/SeedPackArtForest01	ReplicatedStorage/SeedPackArtForest01.lua
ModuleScript	ReplicatedStorage/SeedPackArtForest02	ReplicatedStorage/SeedPackArtForest02.lua
ModuleScript	ReplicatedStorage/SeedPackArtForest03	ReplicatedStorage/SeedPackArtForest03.lua
ModuleScript	ReplicatedStorage/SeedPackArtForest04	ReplicatedStorage/SeedPackArtForest04.lua
ModuleScript	ReplicatedStorage/SeedPackArtForest05	ReplicatedStorage/SeedPackArtForest05.lua
ModuleScript	ReplicatedStorage/SeedPackArtForest06	ReplicatedStorage/SeedPackArtForest06.lua
ModuleScript	ReplicatedStorage/SeedPackArtJungle	ReplicatedStorage/SeedPackArtJungle.lua
ModuleScript	ReplicatedStorage/SeedPackArtJungle01	ReplicatedStorage/SeedPackArtJungle01.lua
ModuleScript	ReplicatedStorage/SeedPackArtJungle02	ReplicatedStorage/SeedPackArtJungle02.lua
ModuleScript	ReplicatedStorage/SeedPackArtJungle03	ReplicatedStorage/SeedPackArtJungle03.lua
ModuleScript	ReplicatedStorage/SeedPackArtJungle04	ReplicatedStorage/SeedPackArtJungle04.lua
ModuleScript	ReplicatedStorage/SeedPackArtJungle05	ReplicatedStorage/SeedPackArtJungle05.lua
ModuleScript	ReplicatedStorage/SeedPackArtJungle06	ReplicatedStorage/SeedPackArtJungle06.lua
ModuleScript	ReplicatedStorage/SeedPackArtLava	ReplicatedStorage/SeedPackArtLava.lua
ModuleScript	ReplicatedStorage/SeedPackArtLava01	ReplicatedStorage/SeedPackArtLava01.lua
ModuleScript	ReplicatedStorage/SeedPackArtLava02	ReplicatedStorage/SeedPackArtLava02.lua
ModuleScript	ReplicatedStorage/SeedPackArtLava03	ReplicatedStorage/SeedPackArtLava03.lua
ModuleScript	ReplicatedStorage/SeedPackArtLava04	ReplicatedStorage/SeedPackArtLava04.lua
ModuleScript	ReplicatedStorage/SeedPackArtLava05	ReplicatedStorage/SeedPackArtLava05.lua
ModuleScript	ReplicatedStorage/SeedPackArtLava06	ReplicatedStorage/SeedPackArtLava06.lua
ModuleScript	ReplicatedStorage/SeedPackArtSnow	ReplicatedStorage/SeedPackArtSnow.lua
ModuleScript	ReplicatedStorage/SeedPackArtSnow01	ReplicatedStorage/SeedPackArtSnow01.lua
ModuleScript	ReplicatedStorage/SeedPackArtSnow02	ReplicatedStorage/SeedPackArtSnow02.lua
ModuleScript	ReplicatedStorage/SeedPackArtSnow03	ReplicatedStorage/SeedPackArtSnow03.lua
ModuleScript	ReplicatedStorage/SeedPackArtSnow04	ReplicatedStorage/SeedPackArtSnow04.lua
ModuleScript	ReplicatedStorage/SeedPackArtSnow05	ReplicatedStorage/SeedPackArtSnow05.lua
ModuleScript	ReplicatedStorage/SeedPackArtSnow06	ReplicatedStorage/SeedPackArtSnow06.lua
ModuleScript	ReplicatedStorage/SeedPackArtSnow06A	ReplicatedStorage/SeedPackArtSnow06A.lua
ModuleScript	ReplicatedStorage/SeedPackArtSnow06B	ReplicatedStorage/SeedPackArtSnow06B.lua
ModuleScript	ReplicatedStorage/SeedPackArtStorm	ReplicatedStorage/SeedPackArtStorm.lua
ModuleScript	ReplicatedStorage/SeedPackArtStorm01	ReplicatedStorage/SeedPackArtStorm01.lua
ModuleScript	ReplicatedStorage/SeedPackArtStorm02	ReplicatedStorage/SeedPackArtStorm02.lua
ModuleScript	ReplicatedStorage/SeedPackArtStorm03	ReplicatedStorage/SeedPackArtStorm03.lua
ModuleScript	ReplicatedStorage/SeedPackArtStorm04	ReplicatedStorage/SeedPackArtStorm04.lua
ModuleScript	ReplicatedStorage/SeedPackArtStorm05	ReplicatedStorage/SeedPackArtStorm05.lua
ModuleScript	ReplicatedStorage/SeedPackArtStorm06	ReplicatedStorage/SeedPackArtStorm06.lua
ModuleScript	ReplicatedStorage/SeedPackLODCrystal	ReplicatedStorage/SeedPackLODCrystal.lua
ModuleScript	ReplicatedStorage/SeedPackLODDesert	ReplicatedStorage/SeedPackLODDesert.lua
ModuleScript	ReplicatedStorage/SeedPackLODForest	ReplicatedStorage/SeedPackLODForest.lua
ModuleScript	ReplicatedStorage/SeedPackLODJungle	ReplicatedStorage/SeedPackLODJungle.lua
ModuleScript	ReplicatedStorage/SeedPackLODLava	ReplicatedStorage/SeedPackLODLava.lua
ModuleScript	ReplicatedStorage/SeedPackLODSnow	ReplicatedStorage/SeedPackLODSnow.lua
ModuleScript	ReplicatedStorage/SeedPackLODStorm	ReplicatedStorage/SeedPackLODStorm.lua
ModuleScript	ReplicatedStorage/SeedPackRenderer	ReplicatedStorage/SeedPackRenderer.lua
ModuleScript	ReplicatedStorage/SeedPackRules	ReplicatedStorage/SeedPackRules.lua
ModuleScript	ReplicatedStorage/SeedPackShapesCrystal	ReplicatedStorage/SeedPackShapesCrystal.lua
ModuleScript	ReplicatedStorage/SeedPackShapesDesert	ReplicatedStorage/SeedPackShapesDesert.lua
ModuleScript	ReplicatedStorage/SeedPackShapesForest	ReplicatedStorage/SeedPackShapesForest.lua
ModuleScript	ReplicatedStorage/SeedPackShapesJungle	ReplicatedStorage/SeedPackShapesJungle.lua
ModuleScript	ReplicatedStorage/SeedPackShapesLava	ReplicatedStorage/SeedPackShapesLava.lua
ModuleScript	ReplicatedStorage/SeedPackShapesSnow	ReplicatedStorage/SeedPackShapesSnow.lua
ModuleScript	ReplicatedStorage/SeedPackShapesStorm	ReplicatedStorage/SeedPackShapesStorm.lua
ModuleScript	ReplicatedStorage/SeedPackVisuals	ReplicatedStorage/SeedPackVisuals.lua
ModuleScript	ReplicatedStorage/SettingsConfig	ReplicatedStorage/SettingsConfig.lua
ModuleScript	ReplicatedStorage/ShopCityData	ReplicatedStorage/ShopCityData.lua
ModuleScript	ReplicatedStorage/ShopMenu	ReplicatedStorage/ShopMenu.lua
ModuleScript	ReplicatedStorage/ShopProductArt	ReplicatedStorage/ShopProductArt.lua
ModuleScript	ReplicatedStorage/ShopSeedReveal	ReplicatedStorage/ShopSeedReveal.lua
ModuleScript	ReplicatedStorage/ShopViewport	ReplicatedStorage/ShopViewport.lua
ModuleScript	ReplicatedStorage/ShovelModel	ReplicatedStorage/ShovelModel.lua
ModuleScript	ReplicatedStorage/SimpleGameText	ReplicatedStorage/SimpleGameText.lua
ModuleScript	ReplicatedStorage/SizeNumbers	ReplicatedStorage/SizeNumbers.lua
ModuleScript	ReplicatedStorage/SoundTiming	ReplicatedStorage/SoundTiming.lua
ModuleScript	ReplicatedStorage/SpecialPackArt89	ReplicatedStorage/SpecialPackArt89.lua
ModuleScript	ReplicatedStorage/SpeedPoints	ReplicatedStorage/SpeedPoints.lua
ModuleScript	ReplicatedStorage/StationMenuGuard	ReplicatedStorage/StationMenuGuard.lua
ModuleScript	ReplicatedStorage/StormArea	ReplicatedStorage/StormArea.lua
ModuleScript	ReplicatedStorage/StormConfig	ReplicatedStorage/StormConfig.lua
ModuleScript	ReplicatedStorage/StudioTestHelp	ReplicatedStorage/StudioTestHelp.lua
ModuleScript	ReplicatedStorage/SunflowerBloomSeedArt45	ReplicatedStorage/SunflowerBloomSeedArt45.lua
ModuleScript	ReplicatedStorage/TempestLotusSeedArt45	ReplicatedStorage/TempestLotusSeedArt45.lua
ModuleScript	ReplicatedStorage/TigerOrchidSeedArt45	ReplicatedStorage/TigerOrchidSeedArt45.lua
ModuleScript	ReplicatedStorage/TitleScreen104	ReplicatedStorage/TitleScreen104.lua
ModuleScript	ReplicatedStorage/TopNavigationLayout	ReplicatedStorage/TopNavigationLayout.lua
ModuleScript	ReplicatedStorage/TrackBlackout	ReplicatedStorage/TrackBlackout.lua
ModuleScript	ReplicatedStorage/TrackHoleConfig	ReplicatedStorage/TrackHoleConfig.lua
ModuleScript	ReplicatedStorage/TreadmillBonusRules	ReplicatedStorage/TreadmillBonusRules.lua
ModuleScript	ReplicatedStorage/TreadmillFx	ReplicatedStorage/TreadmillFx.lua
ModuleScript	ReplicatedStorage/TreadmillPlayback	ReplicatedStorage/TreadmillPlayback.lua
ModuleScript	ReplicatedStorage/TreeReworkArt	ReplicatedStorage/TreeReworkArt.lua
ModuleScript	ReplicatedStorage/TreeReworkData1	ReplicatedStorage/TreeReworkData1.lua
ModuleScript	ReplicatedStorage/TreeReworkData10	ReplicatedStorage/TreeReworkData10.lua
ModuleScript	ReplicatedStorage/TreeReworkData11	ReplicatedStorage/TreeReworkData11.lua
ModuleScript	ReplicatedStorage/TreeReworkData12	ReplicatedStorage/TreeReworkData12.lua
ModuleScript	ReplicatedStorage/TreeReworkData2	ReplicatedStorage/TreeReworkData2.lua
ModuleScript	ReplicatedStorage/TreeReworkData3	ReplicatedStorage/TreeReworkData3.lua
ModuleScript	ReplicatedStorage/TreeReworkData4	ReplicatedStorage/TreeReworkData4.lua
ModuleScript	ReplicatedStorage/TreeReworkData5	ReplicatedStorage/TreeReworkData5.lua
ModuleScript	ReplicatedStorage/TreeReworkData6	ReplicatedStorage/TreeReworkData6.lua
ModuleScript	ReplicatedStorage/TreeReworkData7	ReplicatedStorage/TreeReworkData7.lua
ModuleScript	ReplicatedStorage/TreeReworkData8	ReplicatedStorage/TreeReworkData8.lua
ModuleScript	ReplicatedStorage/TreeReworkData9	ReplicatedStorage/TreeReworkData9.lua
ModuleScript	ReplicatedStorage/TreeReworkMotion	ReplicatedStorage/TreeReworkMotion.lua
ModuleScript	ReplicatedStorage/VectorIcons91	ReplicatedStorage/VectorIcons91.lua
ModuleScript	ReplicatedStorage/VeiledArrivalFx	ReplicatedStorage/VeiledArrivalFx.lua
ModuleScript	ReplicatedStorage/VeiledKeeper81	ReplicatedStorage/VeiledKeeper81.lua
ModuleScript	ReplicatedStorage/VoidPackFx	ReplicatedStorage/VoidPackFx.lua
ModuleScript	ReplicatedStorage/VoidPackOdds85	ReplicatedStorage/VoidPackOdds85.lua
ModuleScript	ReplicatedStorage/VoltOrchidSeedArt45	ReplicatedStorage/VoltOrchidSeedArt45.lua
ModuleScript	ReplicatedStorage/WalkthroughProps90	ReplicatedStorage/WalkthroughProps90.lua
ModuleScript	ReplicatedStorage/WeatherArtworkData89	ReplicatedStorage/WeatherArtworkData89.lua
ModuleScript	ReplicatedStorage/WeatherLightning	ReplicatedStorage/WeatherLightning.lua
ModuleScript	ReplicatedStorage/WeatherPresentation	ReplicatedStorage/WeatherPresentation.lua
ModuleScript	ReplicatedStorage/WeatherTraits	ReplicatedStorage/WeatherTraits.lua
ModuleScript	ReplicatedStorage/WinterPineSeedArt45	ReplicatedStorage/WinterPineSeedArt45.lua
ModuleScript	ReplicatedStorage/WorldNoticeTiming	ReplicatedStorage/WorldNoticeTiming.lua
ModuleScript	ReplicatedStorage/WorldStatusHud	ReplicatedStorage/WorldStatusHud.lua
ModuleScript	ReplicatedStorage/WorldStatusState	ReplicatedStorage/WorldStatusState.lua
Script	ServerScriptService/ApprovedPlantsBootstrap	ServerScriptService/ApprovedPlantsBootstrap.server.lua
ModuleScript	ServerScriptService/ChestChaseServer/ActiveTraining81	ServerScriptService/ChestChaseServer/ActiveTraining81.lua
ModuleScript	ServerScriptService/ChestChaseServer/BaseService	ServerScriptService/ChestChaseServer/BaseService.lua
ModuleScript	ServerScriptService/ChestChaseServer/BatArt	ServerScriptService/ChestChaseServer/BatArt.lua
ModuleScript	ServerScriptService/ChestChaseServer/BatAssetImport	ServerScriptService/ChestChaseServer/BatAssetImport.lua
ModuleScript	ServerScriptService/ChestChaseServer/BatService	ServerScriptService/ChestChaseServer/BatService.lua
ModuleScript	ServerScriptService/ChestChaseServer/BeastModels	ServerScriptService/ChestChaseServer/BeastModels.lua
ModuleScript	ServerScriptService/ChestChaseServer/BiomeExpansionConfig	ServerScriptService/ChestChaseServer/BiomeExpansionConfig.lua
ModuleScript	ServerScriptService/ChestChaseServer/BiomeVisuals	ServerScriptService/ChestChaseServer/BiomeVisuals.lua
ModuleScript	ServerScriptService/ChestChaseServer/ChaseService	ServerScriptService/ChestChaseServer/ChaseService.lua
ModuleScript	ServerScriptService/ChestChaseServer/ChestService	ServerScriptService/ChestChaseServer/ChestService.lua
ModuleScript	ServerScriptService/ChestChaseServer/ConcurrentKeeperService	ServerScriptService/ChestChaseServer/ConcurrentKeeperService.lua
ModuleScript	ServerScriptService/ChestChaseServer/Config	ServerScriptService/ChestChaseServer/Config.lua
ModuleScript	ServerScriptService/ChestChaseServer/EconomyService	ServerScriptService/ChestChaseServer/EconomyService.lua
ModuleScript	ServerScriptService/ChestChaseServer/FastTravelService	ServerScriptService/ChestChaseServer/FastTravelService.lua
ModuleScript	ServerScriptService/ChestChaseServer/FloorSafety86	ServerScriptService/ChestChaseServer/FloorSafety86.lua
ModuleScript	ServerScriptService/ChestChaseServer/ForestLayout87	ServerScriptService/ChestChaseServer/ForestLayout87.lua
ModuleScript	ServerScriptService/ChestChaseServer/FruitGiftService	ServerScriptService/ChestChaseServer/FruitGiftService.lua
ModuleScript	ServerScriptService/ChestChaseServer/GamePassService	ServerScriptService/ChestChaseServer/GamePassService.lua
ModuleScript	ServerScriptService/ChestChaseServer/GardenBaseLayout	ServerScriptService/ChestChaseServer/GardenBaseLayout.lua
ModuleScript	ServerScriptService/ChestChaseServer/GardenFenceArt	ServerScriptService/ChestChaseServer/GardenFenceArt.lua
ModuleScript	ServerScriptService/ChestChaseServer/GardenFenceData	ServerScriptService/ChestChaseServer/GardenFenceData.lua
ModuleScript	ServerScriptService/ChestChaseServer/GardenPlantRuntime	ServerScriptService/ChestChaseServer/GardenPlantRuntime.lua
ModuleScript	ServerScriptService/ChestChaseServer/GardenShowcaseLayout	ServerScriptService/ChestChaseServer/GardenShowcaseLayout.lua
ModuleScript	ServerScriptService/ChestChaseServer/GardenUpgradeService	ServerScriptService/ChestChaseServer/GardenUpgradeService.lua
ModuleScript	ServerScriptService/ChestChaseServer/HarvestToolService	ServerScriptService/ChestChaseServer/HarvestToolService.lua
ModuleScript	ServerScriptService/ChestChaseServer/HideBushes124	ServerScriptService/ChestChaseServer/HideBushes124.lua
ModuleScript	ServerScriptService/ChestChaseServer/KeeperContact	ServerScriptService/ChestChaseServer/KeeperContact.lua
ModuleScript	ServerScriptService/ChestChaseServer/KeeperUpgradeArt	ServerScriptService/ChestChaseServer/KeeperUpgradeArt.lua
ModuleScript	ServerScriptService/ChestChaseServer/LootToolService	ServerScriptService/ChestChaseServer/LootToolService.lua
ModuleScript	ServerScriptService/ChestChaseServer/MapService	ServerScriptService/ChestChaseServer/MapService.lua
ModuleScript	ServerScriptService/ChestChaseServer/MarketLayout	ServerScriptService/ChestChaseServer/MarketLayout.lua
ModuleScript	ServerScriptService/ChestChaseServer/MovementGuard	ServerScriptService/ChestChaseServer/MovementGuard.lua
ModuleScript	ServerScriptService/ChestChaseServer/NotificationService	ServerScriptService/ChestChaseServer/NotificationService.lua
ModuleScript	ServerScriptService/ChestChaseServer/OwnerCommandAccess	ServerScriptService/ChestChaseServer/OwnerCommandAccess.lua
ModuleScript	ServerScriptService/ChestChaseServer/OwnerCommandTargets82	ServerScriptService/ChestChaseServer/OwnerCommandTargets82.lua
ModuleScript	ServerScriptService/ChestChaseServer/OwnerPlayerCommands	ServerScriptService/ChestChaseServer/OwnerPlayerCommands.lua
ModuleScript	ServerScriptService/ChestChaseServer/OwnerTestState82	ServerScriptService/ChestChaseServer/OwnerTestState82.lua
ModuleScript	ServerScriptService/ChestChaseServer/OwnerUpdateCommands82	ServerScriptService/ChestChaseServer/OwnerUpdateCommands82.lua
ModuleScript	ServerScriptService/ChestChaseServer/PassGiftService	ServerScriptService/ChestChaseServer/PassGiftService.lua
ModuleScript	ServerScriptService/ChestChaseServer/PassGiftState	ServerScriptService/ChestChaseServer/PassGiftState.lua
ModuleScript	ServerScriptService/ChestChaseServer/PlayerDataService	ServerScriptService/ChestChaseServer/PlayerDataService.lua
ModuleScript	ServerScriptService/ChestChaseServer/PremiumProgress	ServerScriptService/ChestChaseServer/PremiumProgress.lua
ModuleScript	ServerScriptService/ChestChaseServer/PremiumRouting	ServerScriptService/ChestChaseServer/PremiumRouting.lua
ModuleScript	ServerScriptService/ChestChaseServer/PremiumService	ServerScriptService/ChestChaseServer/PremiumService.lua
ModuleScript	ServerScriptService/ChestChaseServer/RagdollService	ServerScriptService/ChestChaseServer/RagdollService.lua
ModuleScript	ServerScriptService/ChestChaseServer/RarePackTests	ServerScriptService/ChestChaseServer/RarePackTests.lua
ModuleScript	ServerScriptService/ChestChaseServer/RouteDress84	ServerScriptService/ChestChaseServer/RouteDress84.lua
ModuleScript	ServerScriptService/ChestChaseServer/SecurityGate	ServerScriptService/ChestChaseServer/SecurityGate.lua
ModuleScript	ServerScriptService/ChestChaseServer/ServerClearService	ServerScriptService/ChestChaseServer/ServerClearService.lua
ModuleScript	ServerScriptService/ChestChaseServer/SpeedBoardService	ServerScriptService/ChestChaseServer/SpeedBoardService.lua
ModuleScript	ServerScriptService/ChestChaseServer/StormService	ServerScriptService/ChestChaseServer/StormService.lua
ModuleScript	ServerScriptService/ChestChaseServer/StudioSeedCommands	ServerScriptService/ChestChaseServer/StudioSeedCommands.lua
ModuleScript	ServerScriptService/ChestChaseServer/StudioTestCommands	ServerScriptService/ChestChaseServer/StudioTestCommands.lua
ModuleScript	ServerScriptService/ChestChaseServer/TrackExpansion83	ServerScriptService/ChestChaseServer/TrackExpansion83.lua
ModuleScript	ServerScriptService/ChestChaseServer/TrackHoleService	ServerScriptService/ChestChaseServer/TrackHoleService.lua
ModuleScript	ServerScriptService/ChestChaseServer/TreadmillBonusService	ServerScriptService/ChestChaseServer/TreadmillBonusService.lua
ModuleScript	ServerScriptService/ChestChaseServer/TutorialProgress	ServerScriptService/ChestChaseServer/TutorialProgress.lua
ModuleScript	ServerScriptService/ChestChaseServer/TutorialTargets	ServerScriptService/ChestChaseServer/TutorialTargets.lua
ModuleScript	ServerScriptService/ChestChaseServer/VeiledEvent81	ServerScriptService/ChestChaseServer/VeiledEvent81.lua
ModuleScript	ServerScriptService/ChestChaseServer/WeatherService	ServerScriptService/ChestChaseServer/WeatherService.lua
ModuleScript	ServerScriptService/ChestChaseServer/WorldDesign	ServerScriptService/ChestChaseServer/WorldDesign.lua
Script	ServerScriptService/ChestChaseServerMain	ServerScriptService/ChestChaseServerMain.server.lua
LocalScript	StarterPlayer/StarterPlayerScripts/BackgroundMusic	StarterPlayer/StarterPlayerScripts/BackgroundMusic.client.lua
LocalScript	StarterPlayer/StarterPlayerScripts/BatClient	StarterPlayer/StarterPlayerScripts/BatClient.client.lua
LocalScript	StarterPlayer/StarterPlayerScripts/BeastAnimation	StarterPlayer/StarterPlayerScripts/BeastAnimation.client.lua
LocalScript	StarterPlayer/StarterPlayerScripts/BeginnerTutorial	StarterPlayer/StarterPlayerScripts/BeginnerTutorial.client.lua
LocalScript	StarterPlayer/StarterPlayerScripts/BiomeAmbience	StarterPlayer/StarterPlayerScripts/BiomeAmbience.client.lua
LocalScript	StarterPlayer/StarterPlayerScripts/BiomeEffectGovernor	StarterPlayer/StarterPlayerScripts/BiomeEffectGovernor.client.lua
LocalScript	StarterPlayer/StarterPlayerScripts/BiomeEntryNotifier	StarterPlayer/StarterPlayerScripts/BiomeEntryNotifier.client.lua
LocalScript	StarterPlayer/StarterPlayerScripts/BiomePresentation	StarterPlayer/StarterPlayerScripts/BiomePresentation.client.lua
LocalScript	StarterPlayer/StarterPlayerScripts/BiomeWeather	StarterPlayer/StarterPlayerScripts/BiomeWeather.client.lua
LocalScript	StarterPlayer/StarterPlayerScripts/ButtonFeedback	StarterPlayer/StarterPlayerScripts/ButtonFeedback.client.lua
LocalScript	StarterPlayer/StarterPlayerScripts/CarryNameplate84	StarterPlayer/StarterPlayerScripts/CarryNameplate84.client.lua
LocalScript	StarterPlayer/StarterPlayerScripts/ChestIndex	StarterPlayer/StarterPlayerScripts/ChestIndex.client.lua
LocalScript	StarterPlayer/StarterPlayerScripts/ChestRunAlert	StarterPlayer/StarterPlayerScripts/ChestRunAlert.client.lua
LocalScript	StarterPlayer/StarterPlayerScripts/ColourfulText81	StarterPlayer/StarterPlayerScripts/ColourfulText81.client.lua
LocalScript	StarterPlayer/StarterPlayerScripts/DefaultAvatarAnimations	StarterPlayer/StarterPlayerScripts/DefaultAvatarAnimations.client.lua
LocalScript	StarterPlayer/StarterPlayerScripts/DistantGardens	StarterPlayer/StarterPlayerScripts/DistantGardens.client.lua
LocalScript	StarterPlayer/StarterPlayerScripts/EconomyClient	StarterPlayer/StarterPlayerScripts/EconomyClient.client.lua
LocalScript	StarterPlayer/StarterPlayerScripts/FruitGiftClient	StarterPlayer/StarterPlayerScripts/FruitGiftClient.client.lua
LocalScript	StarterPlayer/StarterPlayerScripts/GamePassClient	StarterPlayer/StarterPlayerScripts/GamePassClient.client.lua
LocalScript	StarterPlayer/StarterPlayerScripts/GardenBonusSign84	StarterPlayer/StarterPlayerScripts/GardenBonusSign84.client.lua
LocalScript	StarterPlayer/StarterPlayerScripts/GardenLiftPrompts	StarterPlayer/StarterPlayerScripts/GardenLiftPrompts.client.lua
LocalScript	StarterPlayer/StarterPlayerScripts/GardenShovel	StarterPlayer/StarterPlayerScripts/GardenShovel.client.lua
LocalScript	StarterPlayer/StarterPlayerScripts/GardenVisuals	StarterPlayer/StarterPlayerScripts/GardenVisuals.client.lua
LocalScript	StarterPlayer/StarterPlayerScripts/GiantVisualSafety	StarterPlayer/StarterPlayerScripts/GiantVisualSafety.client.lua
LocalScript	StarterPlayer/StarterPlayerScripts/HeldHarvests	StarterPlayer/StarterPlayerScripts/HeldHarvests.client.lua
LocalScript	StarterPlayer/StarterPlayerScripts/HideBushClient	StarterPlayer/StarterPlayerScripts/HideBushClient.client.lua
LocalScript	StarterPlayer/StarterPlayerScripts/Hotbar	StarterPlayer/StarterPlayerScripts/Hotbar.client.lua
LocalScript	StarterPlayer/StarterPlayerScripts/HudNotices	StarterPlayer/StarterPlayerScripts/HudNotices.client.lua
LocalScript	StarterPlayer/StarterPlayerScripts/InteractionFeedback	StarterPlayer/StarterPlayerScripts/InteractionFeedback.client.lua
LocalScript	StarterPlayer/StarterPlayerScripts/ItemCosmetics	StarterPlayer/StarterPlayerScripts/ItemCosmetics.client.lua
LocalScript	StarterPlayer/StarterPlayerScripts/KeeperHitEffects	StarterPlayer/StarterPlayerScripts/KeeperHitEffects.client.lua
LocalScript	StarterPlayer/StarterPlayerScripts/LavaFlow	StarterPlayer/StarterPlayerScripts/LavaFlow.client.lua
LocalScript	StarterPlayer/StarterPlayerScripts/LeaderboardClient	StarterPlayer/StarterPlayerScripts/LeaderboardClient.client.lua
LocalScript	StarterPlayer/StarterPlayerScripts/MutationHighlights	StarterPlayer/StarterPlayerScripts/MutationHighlights.client.lua
LocalScript	StarterPlayer/StarterPlayerScripts/NotificationClient83	StarterPlayer/StarterPlayerScripts/NotificationClient83.client.lua
LocalScript	StarterPlayer/StarterPlayerScripts/OfflineGrowthNotice	StarterPlayer/StarterPlayerScripts/OfflineGrowthNotice.client.lua
LocalScript	StarterPlayer/StarterPlayerScripts/PackOpeningFeedback	StarterPlayer/StarterPlayerScripts/PackOpeningFeedback.client.lua
LocalScript	StarterPlayer/StarterPlayerScripts/PlantInspection	StarterPlayer/StarterPlayerScripts/PlantInspection.client.lua
LocalScript	StarterPlayer/StarterPlayerScripts/QuietFootsteps87	StarterPlayer/StarterPlayerScripts/QuietFootsteps87.client.lua
LocalScript	StarterPlayer/StarterPlayerScripts/RagdollClient	StarterPlayer/StarterPlayerScripts/RagdollClient.client.lua
LocalScript	StarterPlayer/StarterPlayerScripts/RunnerController	StarterPlayer/StarterPlayerScripts/RunnerController.client.lua
LocalScript	StarterPlayer/StarterPlayerScripts/RunnerTrailAura	StarterPlayer/StarterPlayerScripts/RunnerTrailAura.client.lua
LocalScript	StarterPlayer/StarterPlayerScripts/RunnerTrailClient	StarterPlayer/StarterPlayerScripts/RunnerTrailClient.client.lua
LocalScript	StarterPlayer/StarterPlayerScripts/SeedPackClient	StarterPlayer/StarterPlayerScripts/SeedPackClient.client.lua
LocalScript	StarterPlayer/StarterPlayerScripts/SeedPackRender	StarterPlayer/StarterPlayerScripts/SeedPackRender.client.lua
LocalScript	StarterPlayer/StarterPlayerScripts/SettingsClient	StarterPlayer/StarterPlayerScripts/SettingsClient.client.lua
LocalScript	StarterPlayer/StarterPlayerScripts/SpeedGainPopup	StarterPlayer/StarterPlayerScripts/SpeedGainPopup.client.lua
LocalScript	StarterPlayer/StarterPlayerScripts/SpeedMilestones87	StarterPlayer/StarterPlayerScripts/SpeedMilestones87.client.lua
LocalScript	StarterPlayer/StarterPlayerScripts/StormWeather	StarterPlayer/StarterPlayerScripts/StormWeather.client.lua
LocalScript	StarterPlayer/StarterPlayerScripts/StudioTestClient	StarterPlayer/StarterPlayerScripts/StudioTestClient.client.lua
LocalScript	StarterPlayer/StarterPlayerScripts/TrackHoleClient	StarterPlayer/StarterPlayerScripts/TrackHoleClient.client.lua
LocalScript	StarterPlayer/StarterPlayerScripts/TrackRefreshSky	StarterPlayer/StarterPlayerScripts/TrackRefreshSky.client.lua
LocalScript	StarterPlayer/StarterPlayerScripts/TravelButtons	StarterPlayer/StarterPlayerScripts/TravelButtons.client.lua
LocalScript	StarterPlayer/StarterPlayerScripts/TreadmillAnimation	StarterPlayer/StarterPlayerScripts/TreadmillAnimation.client.lua
LocalScript	StarterPlayer/StarterPlayerScripts/TreadmillBonusClient	StarterPlayer/StarterPlayerScripts/TreadmillBonusClient.client.lua
LocalScript	StarterPlayer/StarterPlayerScripts/VeiledEventClient81	StarterPlayer/StarterPlayerScripts/VeiledEventClient81.client.lua
LocalScript	StarterPlayer/StarterPlayerScripts/WorldEvents	StarterPlayer/StarterPlayerScripts/WorldEvents.client.lua
